date,close
1996-11-01,44.56176333073798
1996-11-04,44.74918398413332
1996-11-05,45.218377352078264
1996-11-06,45.88005794135283
1996-11-07,46.07381280193466
1996-11-08,46.274531826891796
1996-11-11,46.34101564323298
1996-11-12,46.19474976562609
1996-11-13,46.29416047988414
1996-11-14,46.59492403872543
1996-11-15,46.70509784604086
1996-11-18,46.66710824262701
1996-11-19,46.992563096638996
1996-11-20,47.1059059387663
1996-11-21,47.02992280618267
1996-11-22,47.40856703072998
1996-11-25,47.93411487826621
1996-11-26,47.86636348599145
1996-11-27,47.805576194773366
1996-11-29,47.93348112195875
1996-12-02,47.90435315272395
1996-12-03,47.38007674355857
1996-12-04,47.17872009985669
1996-12-05,47.13313251244143
1996-12-06,46.83046755804046
1996-12-09,47.47378713357488
1996-12-10,47.333217717772456
1996-12-11,46.90201787899728
1996-12-12,46.17828628500834
1996-12-13,46.13649768959378
1996-12-16,45.65147466065718
1996-12-17,45.97186687249083
1996-12-18,46.32011941430706
1996-12-19,47.22051255770853
1996-12-20,47.417432590664966
1996-12-23,47.29396047510639
1996-12-24,47.55420301446669
1996-12-26,47.857497926056475
1996-12-27,47.918915174463386
1996-12-30,47.73275823456433
1996-12-31,46.90265169862339
1997-01-02,46.66647442300089
1997-01-03,47.364247082566926
1997-01-06,47.340185681266405
1997-01-07,47.693500928579624
1997-01-08,47.388304621430166
1997-01-09,47.79607687853092
1997-01-10,48.090510092623006
1997-01-13,48.09114391224911
1997-01-14,48.6831716503706
1997-01-15,48.578064410989455
1997-01-16,48.739526193280525
1997-01-17,49.146030811129066
1997-01-20,49.179591528672034
1997-01-21,49.560767169286486
1997-01-22,49.783016179477
1997-01-23,49.23404467602228
1997-01-24,48.78828281550768
1997-01-27,48.44003027369145
1997-01-28,48.44003027369145
1997-01-29,48.91365246418864
1997-01-30,49.652579962861765
1997-01-31,49.77858343116883
1997-02-03,49.81467550146029
1997-02-04,49.97487357025508
1997-02-05,49.279636062556186
1997-02-06,49.398041610180485
1997-02-07,49.99386840362133
1997-02-10,49.7323620874461
1997-02-11,49.995769799181
1997-02-12,50.830309083430116
1997-02-13,51.40334198818536
1997-02-14,51.19185600773356
1997-02-18,51.68637449047533
1997-02-19,51.44576440322602
1997-02-20,50.832206616552504
1997-02-21,50.76699043946353
1997-02-24,51.30583266948698
1997-02-25,51.41664029642851
1997-02-26,51.014564627769495
1997-02-27,50.34275470174502
1997-02-28,50.073650464887024
1997-03-03,50.3579506064292
1997-03-04,50.0818822051959
1997-03-05,50.78091864157686
1997-03-06,50.56373619932061
1997-03-07,50.96960699754305
1997-03-10,51.51921618306116
1997-03-11,51.372950305454275
1997-03-12,50.924653229753886
1997-03-13,49.99386840362133
1997-03-14,50.22244775856105
1997-03-17,50.383279583663295
1997-03-18,50.00019868505189
1997-03-19,49.753892135998136
1997-03-20,49.556338220096954
1997-03-21,49.648147214553596
1997-03-24,50.07808327651384
1997-03-25,49.9628428379455
1997-03-26,50.053388055587206
1997-03-27,49.00103250945575
1997-03-31,47.93981140338931
1997-04-01,48.09937565255798
1997-04-02,47.495947075997094
1997-04-03,47.509245384240245
1997-04-04,47.989201781923924
1997-04-07,48.25703844284835
1997-04-08,48.509679199088595
1997-04-09,48.16015908133879
1997-04-10,48.01706217522515
1997-04-11,46.70699924160053
1997-04-14,47.091973810897045
1997-04-15,47.78784513822204
1997-04-16,48.345686064049026
1997-04-17,48.23424468080004
1997-04-18,48.52361132695785
1997-04-21,48.145596996280716
1997-04-22,49.04725385317848
1997-04-23,48.98583666809021
1997-04-24,48.83007141092224
1997-04-25,48.462190216113655
1997-04-28,48.94278043342344
1997-04-29,50.278168481844865
1997-04-30,50.7397638657884
1997-05-01,50.56183860287958
1997-05-02,51.476156149275745
1997-05-05,52.57283550600755
1997-05-06,52.412641362968685
1997-05-07,51.64395207543466
1997-05-08,51.937751533219284
1997-05-09,52.22395300700249
1997-05-12,53.03949359544808
1997-05-13,52.75266216447604
1997-05-14,52.93691770881543
1997-05-15,53.30670029918368
1997-05-16,52.53864483127576
1997-05-19,52.761527724411025
1997-05-20,53.29276817131443
1997-05-21,53.14650229370754
1997-05-22,52.9128563075149
1997-05-23,53.63279283525906
1997-05-27,53.802486357859
1997-05-28,53.64418974794254
1997-05-29,53.4460020757339
1997-05-30,53.7119411402173
1997-06-02,53.59036655778112
1997-06-03,53.53464583449729
1997-06-04,53.19462503298995
1997-06-05,53.40484343750816
1997-06-06,54.32803034295795
1997-06-09,54.63828935560441
1997-06-10,54.78772433134182
1997-06-11,55.05999367725577
1997-06-12,55.93949059173132
1997-06-13,56.56064636240626
1997-06-16,56.600537361379786
1997-06-17,56.63346046017801
1997-06-18,56.29407347829675
1997-06-19,56.859508462369234
1997-06-20,56.904466092595676
1997-06-23,55.63302664532966
1997-06-24,56.75503504261419
1997-06-25,56.289640666669946
1997-06-26,55.9534188571633
1997-06-27,56.18263203172913
1997-06-30,56.04586547036468
1997-07-01,56.4188131697889
1997-07-02,57.241955541354535
1997-07-03,58.05812994942622
1997-07-07,57.759267786144605
1997-07-08,58.174004144302025
1997-07-09,57.464200752426414
1997-07-10,57.85931232002876
1997-07-11,58.04293410806068
1997-07-14,58.150576562627606
1997-07-15,58.61786847169424
1997-07-16,59.303610462269326
1997-07-17,58.98828095593268
1997-07-18,57.95555406279357
1997-07-21,57.80612294949344
1997-07-22,59.13834582554026
1997-07-23,59.30170906670965
1997-07-24,59.538520161958246
1997-07-25,59.44290837638226
1997-07-28,59.294744902334344
1997-07-29,59.66452363026532
1997-07-30,60.29771006993119
1997-07-31,60.425614997116575
1997-08-01,59.97162139629309
1997-08-04,60.17170660162412
1997-08-05,60.30277663786546
1997-08-06,60.80616061722356
1997-08-07,60.2280610812154
1997-08-08,59.11048549555768
1997-08-11,59.329569396692236
1997-08-12,58.666625030602745
1997-08-13,58.381057376445646
1997-08-14,58.55518364735376
1997-08-15,57.03806754490416
1997-08-18,57.777628799884745
1997-08-19,58.633698132685886
1997-08-20,59.478366690366265
1997-08-21,58.572910841467795
1997-08-22,58.477299055891805
1997-08-25,58.263281722691524
1997-08-26,57.81118958074636
1997-08-27,57.854245752094485
1997-08-28,57.21915791686894
1997-08-29,56.95321885238555
1997-09-02,58.733108846943935
1997-09-03,58.75083604105797
1997-09-04,58.94142579258384
1997-09-05,58.826185417334145
1997-09-08,58.96232202150976
1997-09-09,59.115552063491954
1997-09-10,58.191735200853344
1997-09-11,57.78396300707123
1997-09-12,58.500726637566224
1997-09-15,58.238590427520826
1997-09-16,59.87664343034321
1997-09-17,59.70948126049176
1997-09-18,59.98111685009825
1997-09-19,60.18500490986727
1997-09-22,60.496531561765934
1997-09-23,60.274916307882876
1997-09-24,59.80319158718943
1997-09-25,59.38718765309845
1997-09-26,59.85004681385691
1997-09-29,60.36419774870966
1997-09-30,59.98048689290943
1997-10-01,60.49526392251372
1997-10-02,60.81502617715854
1997-10-03,61.10439282331635
1997-10-06,61.58941192649703
1997-10-07,62.24982493983802
1997-10-08,61.662229950024695
1997-10-09,61.45834189025568
1997-10-10,61.22786107643764
1997-10-13,61.298777704405644
1997-10-14,61.43681570414094
1997-10-15,61.14807901517195
1997-10-16,60.485134649082454
1997-10-17,59.78292917788962
1997-10-20,60.50792841113077
1997-10-21,61.56345299207411
1997-10-22,61.32347286201363
1997-10-23,60.19640175923211
1997-10-24,59.62336885447686
1997-10-27,55.529816939070905
1997-10-28,58.37029042095099
1997-10-29,58.199963078724934
1997-10-30,57.21979173649504
1997-10-31,57.912497828126796
1997-11-03,59.45557286499931
1997-11-04,59.567648131193046
1997-11-05,59.69428541912622
1997-11-06,59.3947894362185
1997-11-07,58.728676098635766
1997-11-10,58.32470283353572
1997-11-11,58.492498759694634
1997-11-12,57.36416008097954
1997-11-13,58.04166646880847
1997-11-14,58.781861606733806
1997-11-17,59.91210168100857
1997-11-18,59.40745006239826
1997-11-19,59.81015961400202
1997-11-20,60.72131192470494
1997-11-21,60.981554527383885
1997-11-24,59.94185960743219
1997-11-25,60.20463349954098
1997-11-26,60.256555294142736
1997-11-28,60.4946339653249
1997-12-01,61.72111584568312
1997-12-02,61.525459526222974
1997-12-03,61.847753133616294
1997-12-04,61.61537092423858
1997-12-05,62.29224735487869
1997-12-08,62.20233595686308
1997-12-09,61.78506824595717
1997-12-10,61.40578633934647
1997-12-11,60.46550599609011
1997-12-12,60.36736292108426
1997-12-15,61.000549360750135
1997-12-16,61.29497871240494
1997-12-17,61.13668210248847
1997-12-18,60.488299821457055
1997-12-19,59.948827570926134
1997-12-22,60.38699151075797
1997-12-23,59.464438424934286
1997-12-24,59.05729998745964
1997-12-26,59.29537872196045
1997-12-29,60.364827705898485
1997-12-30,61.472274018124935
1997-12-31,61.44631122126474
1998-01-02,61.73820922017105
1998-01-05,61.8667479036639
1998-01-06,61.202535961640834
1998-01-07,61.03917278379009
1998-01-08,60.535788804431995
1998-01-09,58.7400729480006
1998-01-12,59.469504992868565
1998-01-13,60.28694697687382
1998-01-14,60.65546192798987
1998-01-15,60.1989331119806
1998-01-16,60.881509993499726
1998-01-20,61.96362346605481
1998-01-21,61.470372622565264
1998-01-22,60.978385492572
1998-01-23,60.633301985567655
1998-01-26,60.59277710364938
1998-01-27,61.357033642875244
1998-01-28,61.89144312459052
1998-01-29,62.39988980944562
1998-01-30,62.07000214380681
1998-02-02,63.39905991079768
1998-02-03,63.69855583038676
1998-02-04,63.75554412960415
1998-02-05,63.54279057321879
1998-02-06,64.10759566342108
1998-02-09,63.998685569601946
1998-02-10,64.52233202157849
1998-02-11,64.58565066554509
1998-02-12,64.8471569817203
1998-02-13,64.59071723347935
1998-02-17,64.75977693645319
1998-02-18,65.34990327901502
1998-02-19,65.109297054203
1998-02-20,65.48477230725707
1998-02-23,65.73361799725252
1998-02-24,65.25366546200613
1998-02-25,66.03501531240128
1998-02-26,66.40036515446137
1998-02-27,66.44278370706475
1998-03-02,66.3389401811799
1998-03-03,66.61248109210197
1998-03-04,66.31551259950548
1998-03-05,65.53796554022966
1998-03-06,66.84485551328649
1998-03-09,66.6308459682794
1998-03-10,67.38686684144047
1998-03-11,67.6540696827388
1998-03-12,67.74588633875135
1998-03-13,67.66293517935513
1998-03-16,68.33791414019149
1998-03-17,68.41262577108563
1998-03-18,68.73365566498265
1998-03-19,69.00085844296234
1998-03-20,69.59732285514792
1998-03-23,69.3687435002082
1998-03-24,70.00826022130464
1998-03-25,69.77271676530825
1998-03-26,69.70116638103278
1998-03-27,69.36177161095833
1998-03-30,69.24526752221234
1998-03-31,69.76131599018748
1998-04-01,70.1665568312211
1998-04-02,70.9175150622038
1998-04-03,71.08783847867394
1998-04-06,71.00426128784481
1998-04-07,70.25520451574042
1998-04-08,69.75498564543828
1998-04-09,70.32612108038978
1998-04-13,70.2640622874822
1998-04-14,70.6477770057197
1998-04-15,70.87382114547366
1998-04-16,70.1678244704733
1998-04-17,71.08910611792615
1998-04-20,71.1479958127032
1998-04-21,71.33921938385517
1998-04-22,71.58426221941265
1998-04-23,70.8902846260914
1998-04-24,70.15072717022946
1998-04-27,68.79824188488281
1998-04-28,68.70769280480381
1998-04-29,69.3098537421125
1998-04-30,70.39450242985336
1998-05-01,70.98019988654428
1998-05-04,71.04794741638177
1998-05-05,70.63194734472806
1998-05-06,69.9620388775819
1998-05-07,69.342780703348
1998-05-08,70.16592307491364
1998-05-11,70.07094510896376
1998-05-12,70.65031222090549
1998-05-13,70.84469703867613
1998-05-14,70.75035289235235
1998-05-15,70.2032788587014
1998-05-18,70.01901945192472
1998-05-19,70.25330312018075
1998-05-20,70.8573654530491
1998-05-21,70.57749426069645
1998-05-22,70.31345272933545
1998-05-26,69.27186413869865
1998-05-27,69.1585212332527
1998-05-28,69.49854209807869
1998-05-29,69.06923979242592
1998-06-01,69.07937292829446
1998-06-02,69.22120612091182
1998-06-03,68.55699411557012
1998-06-04,69.32314818791836
1998-06-05,70.5281038188432
1998-06-08,70.64587561016003
1998-06-09,70.81620675150472
1998-06-10,70.42806314739633
1998-06-11,69.30731852692672
1998-06-12,69.57705658341082
1998-06-15,68.19481337164055
1998-06-16,68.86472183878672
1998-06-17,70.10070297206873
1998-06-18,70.0538478087199
1998-06-19,69.6916670014717
1998-06-22,69.85375874095159
1998-06-23,70.8845881009683
1998-06-24,71.73242569346057
1998-06-25,71.50448009482831
1998-06-26,71.7526842403231
1998-06-29,72.08764233633346
1998-06-30,71.79320912224138
1998-07-01,72.72526545006342
1998-07-02,72.58976260219526
1998-07-06,73.28056343583008
1998-07-07,73.11150759529352
1998-07-08,73.85360026634123
1998-07-09,73.3584518897293
1998-07-10,73.72379394359618
1998-07-13,73.77824702762778
1998-07-14,74.56276597615346
1998-07-15,74.38737985418634
1998-07-16,74.96864063681318
1998-07-17,75.1434007273474
1998-07-20,74.97560480118848
1998-07-21,73.77064910694502
1998-07-22,73.70796428260454
1998-07-23,72.1674244609178
1998-07-24,72.23391213969627
1998-07-27,72.6435819299194
1998-07-28,71.56526352360912
1998-07-29,71.24676890821651
1998-07-30,72.37004101899733
1998-07-31,70.95930752005565
1998-08-03,70.43818855839031
1998-08-04,67.88518425286429
1998-08-05,68.47468456399321
1998-08-06,68.99389434190567
1998-08-07,68.98249356678491
1998-08-10,68.58295697574896
1998-08-11,67.68636276102954
1998-08-12,68.65133832521254
1998-08-13,68.06184573895818
1998-08-14,67.29188887549059
1998-08-17,68.61651769329193
1998-08-18,69.72648763339231
1998-08-19,69.52767392975076
1998-08-20,69.11863023427917
1998-08-21,68.46264996924634
1998-08-24,68.8995501955819
1998-08-25,69.1977785392374
1998-08-26,68.64943686633423
1998-08-27,66.01538286029029
1998-08-28,65.03711291362006
1998-08-31,60.6136733325753
1998-09-01,62.95519558340546
1998-09-02,62.71584920965244
1998-09-03,62.195371855806414
1998-09-04,61.665395122399296
1998-09-08,64.80410074705354
1998-09-09,63.71122031900381
1998-09-10,62.06430175624643
1998-09-11,63.89231075428722
1998-09-14,65.20047222903354
1998-09-15,65.70449389045501
1998-09-16,66.19837462781474
1998-09-17,64.51346646164352
1998-09-18,64.59071723347935
1998-09-21,64.83132732072866
1998-09-22,65.19477570391044
1998-09-23,67.50337099350509
1998-09-24,66.02361460059916
1998-09-25,66.15215328409201
1998-09-28,66.40162500552037
1998-09-29,66.42252516020221
1998-09-30,64.39569473364531
1998-10-01,62.456878171981636
1998-10-02,63.4832709212529
1998-10-05,62.594278552972185
1998-10-06,62.34290537266551
1998-10-07,61.462140882256385
1998-10-08,60.75043989393975
1998-10-09,62.330240884048465
1998-10-12,63.17364566491391
1998-10-13,62.98938625813725
1998-10-14,63.66879790396314
1998-10-15,66.32564573537402
1998-10-16,66.89108464520241
1998-10-19,67.26909511344226
1998-10-20,67.36660829457793
1998-10-21,67.74588633875135
1998-10-22,68.28788987871212
1998-10-23,67.79337532172629
1998-10-26,67.89784487904406
1998-10-27,67.45588201053015
1998-10-28,67.63000828143826
1998-10-29,68.75961846184285
1998-10-30,69.56629735279073
1998-11-02,70.3850031136109
1998-11-03,70.33688031100986
1998-11-04,70.83267023212247
1998-11-05,71.79384294186748
1998-11-06,72.24720658550214
1998-11-09,71.56272830842335
1998-11-10,71.43989387492815
1998-11-11,70.97829849098461
1998-11-12,70.7706114392149
1998-11-13,71.27906204982591
1998-11-16,71.92174780573423
1998-11-17,72.1401940248054
1998-11-18,72.46692038050688
1998-11-19,72.98170127254846
1998-11-20,73.67441128993613
1998-11-23,75.2358434781115
1998-11-24,74.9053219928466
1998-11-25,75.15099864803017
1998-11-27,75.49671597466063
1998-11-30,73.67947399543313
1998-12-01,74.41713771729133
1998-12-02,74.1619617458653
1998-12-03,72.8253061215103
1998-12-04,74.50958046805542
1998-12-07,75.2035503365021
1998-12-08,74.80337992584005
1998-12-09,74.9369813148299
1998-12-10,73.76748786032634
1998-12-11,73.85866297183823
1998-12-14,72.2592333920558
1998-12-15,73.6288159776463
1998-12-16,73.57246143473638
1998-12-17,74.71473224132073
1998-12-18,75.2244504278653
1998-12-21,76.1621955559359
1998-12-22,76.20841689965863
1998-12-23,77.78948932813819
1998-12-24,77.6457548032798
1998-12-28,77.59636436142655
1998-12-29,78.62972899994769
1998-12-30,78.00414048096458
1998-12-31,77.83317545667515
1999-01-04,77.76162513571832
1999-01-05,78.81778347296914
1999-01-06,80.56284131161371
1999-01-07,80.39758053732193
1999-01-08,80.73696758252183
1999-01-11,80.0271680530835
1999-01-12,78.48409301621098
1999-01-13,78.16053563200273
1999-01-14,76.7542232940574
1999-01-15,78.72153793108568
1999-01-19,79.27494224616721
1999-01-20,79.56747406469964
1999-01-21,78.20865843460378
1999-01-22,77.57736566562302
1999-01-25,78.13393901551645
1999-01-26,79.29457476159685
1999-01-27,78.71584140596258
1999-01-28,80.12151219940728
1999-01-29,81.02507051518334
1999-02-01,80.60463376946555
1999-02-02,79.90749486620699
1999-02-03,80.54574401136985
1999-02-04,79.05269317265805
1999-02-05,78.47712885183567
1999-02-08,78.75383107269508
1999-02-09,77.00433662330505
1999-02-10,77.47352992793137
1999-02-11,79.40411474928617
1999-02-12,77.89016381921117
1999-02-16,78.63352406619246
1999-02-17,77.50392161066245
1999-02-18,78.34289364321972
1999-02-19,78.46572814003356
1999-02-22,80.55018068543394
1999-02-23,80.48939725665313
1999-02-24,79.364223686994
1999-02-25,78.83297937765332
1999-02-26,78.40937359712363
1999-03-01,78.27197707857037
1999-03-02,77.59699818105265
1999-03-03,77.7362960951656
1999-03-04,78.93555526428597
1999-03-05,80.76102898382234
1999-03-08,81.22072290888757
1999-03-09,81.03773114136311
1999-03-10,81.48096164912923
1999-03-11,82.1673413217677
1999-03-12,81.97168113987027
1999-03-15,82.77393114494727
1999-03-16,82.71821042166346
1999-03-17,82.17619909350948
1999-03-18,83.36216381682398
1999-03-19,82.26928338877424
1999-03-22,82.12491504428975
1999-03-23,79.91699424576807
1999-03-24,80.32539639673901
1999-03-25,81.68041689727143
1999-03-26,81.22515958295166
1999-03-29,82.95819055172393
1999-03-30,82.36172613953835
1999-03-31,81.4512037227056
1999-04-01,81.91659423621256
1999-04-05,83.65152660054451
1999-04-06,83.4470086469053
1999-04-07,84.0168764426046
1999-04-08,85.09898985184104
1999-04-09,85.37569207270045
1999-04-12,86.02660956891764
1999-04-13,85.46876857977202
1999-04-14,84.11501565517315
1999-04-15,83.76106665155247
1999-04-16,83.51729139192857
1999-04-19,81.64812375566203
1999-04-20,82.70491597585757
1999-04-21,84.60130626004332
1999-04-22,86.0386363754713
1999-04-23,85.91390054641643
1999-04-26,86.11589100974442
1999-04-27,86.29065110027864
1999-04-28,85.53779147373625
1999-04-29,85.026171891632
1999-04-30,84.54179047051471
1999-05-03,85.77333499305128
1999-05-04,84.34043376349419
1999-05-05,85.30984593842264
1999-05-06,84.34360279830608
1999-05-07,85.16357613505983
1999-05-10,84.86598161103042
1999-05-11,85.83538599776567
1999-05-12,86.36663037042499
1999-05-13,86.59204847874602
1999-05-14,84.70768500111396
1999-05-17,84.8146897736175
1999-05-18,84.42401095432332
1999-05-19,85.11481951283268
1999-05-20,84.77289731576566
1999-05-21,84.23216135173844
1999-05-24,82.73530765858867
1999-05-25,81.3264678303321
1999-05-26,82.6156345350308
1999-05-27,81.13714571805845
1999-05-28,82.43074130862803
1999-06-01,81.95078877338163
1999-06-02,81.9856171301768
1999-06-03,82.28511304976588
1999-06-04,84.0713295266362
1999-06-07,84.49999801266287
1999-06-08,83.41154647048403
1999-06-09,83.49449762988024
1999-06-10,82.4927923133424
1999-06-11,81.91153153071556
1999-06-14,81.93432529276389
1999-06-15,82.38768893639855
1999-06-16,84.23975927242122
1999-06-17,84.84065257047769
1999-06-18,85.0268057112581
1999-06-21,85.41685071092618
1999-06-22,84.58611041867778
1999-06-23,84.40755526189876
1999-06-24,83.31340719459683
1999-06-25,83.28364933149184
1999-06-28,84.29927512526845
1999-06-29,85.57197828603077
1999-06-30,86.91813328994685
1999-07-01,87.44051210267119
1999-07-02,88.09016202295481
1999-07-06,87.89387574630585
1999-07-07,88.3839614174208
1999-07-08,88.2927863059089
1999-07-09,88.85378854167321
1999-07-12,88.58911325400474
1999-07-13,88.2383332218773
1999-07-14,88.5302312207836
1999-07-15,89.25522659158747
1999-07-16,89.83522752315531
1999-07-19,89.13049069921398
1999-07-20,87.19610308673983
1999-07-21,87.33477490610122
1999-07-22,86.17477304296555
1999-07-23,85.91959700822089
1999-07-26,85.33833622559405
1999-07-27,86.29317859058985
1999-07-28,86.45527799162566
1999-07-29,84.91220295475316
1999-07-30,84.13274677504312
1999-08-02,84.09032822243972
1999-08-03,83.71864809894907
1999-08-04,82.65172274288498
1999-08-05,83.1823332959182
1999-08-06,82.33260203274082
1999-08-09,82.17493924245046
1999-08-10,81.13841335731065
1999-08-11,82.43644555862569
1999-08-12,82.19773300449877
1999-08-13,84.06690064076531
1999-08-16,84.26255309778817
1999-08-17,85.11039062696179
1999-08-18,84.39361927159223
1999-08-19,83.8079218149013
1999-08-20,84.63233176240051
1999-08-23,86.12728405999061
1999-08-24,86.33497104844169
1999-08-25,87.4930715160177
1999-08-26,86.24062690211791
1999-08-27,85.37062936720345
1999-08-30,83.83515225101371
1999-08-31,83.60657283275535
1999-09-01,84.2815440053985
1999-09-02,83.52425549298523
1999-09-03,85.93859570402442
1999-09-07,85.50865964206417
1999-09-08,85.10975680733569
1999-09-09,85.33200588084485
1999-09-10,85.5852804567112
1999-09-13,85.10848923140212
1999-09-14,84.61207321553798
1999-09-15,83.4520713524023
1999-09-16,83.48436443069306
1999-09-17,84.55698631188025
1999-09-20,84.56395041293692
1999-09-21,82.7941896918098
1999-09-22,82.97971673783867
1999-09-23,81.07382707409185
1999-09-24,80.88070210738022
1999-09-27,81.25745272456105
1999-09-28,81.1871621913446
1999-09-29,80.31146813130704
1999-09-30,81.219455332954
1999-10-01,81.22579340257776
1999-10-04,82.60550139916225
1999-10-05,82.39971580627083
1999-10-06,83.92253223296218
1999-10-07,83.43117898591366
1999-10-08,84.59497597861275
1999-10-11,84.54368414119983
1999-10-12,83.13991474331482
1999-10-13,81.39928585385977
1999-10-14,81.26441682561772
1999-10-15,78.98431182319447
1999-10-18,79.40981127440926
1999-10-19,79.86506858872905
1999-10-20,81.64496250904335
1999-10-21,81.27644363217138
1999-10-22,82.41871443875573
1999-10-25,81.91089771108946
1999-10-26,81.16880504004173
1999-10-27,82.10591634848622
1999-10-28,85.00147667070537
1999-10-29,86.29888284058751
1999-11-01,85.74104185144189
1999-11-02,85.33706858634184
1999-11-03,85.79233368885481
1999-11-04,86.28051796441008
1999-11-05,86.76110425596396
1999-11-08,87.19040656161673
1999-11-09,86.4476800709429
1999-11-10,86.96562227292179
1999-11-11,87.47217142465449
1999-11-12,88.39662983179376
1999-11-15,88.29088491034923
1999-11-16,89.91690331842476
1999-11-17,89.32424176067717
1999-11-18,90.22526479794882
1999-11-19,90.03911172048704
1999-11-22,89.97199022208248
1999-11-23,88.93990101100675
1999-11-24,89.7275812061511
1999-11-26,89.69845709935359
1999-11-29,89.14188374946018
1999-11-30,87.94389994446657
1999-12-01,88.50173320873763
1999-12-02,89.21850456410719
1999-12-03,90.75461549992303
1999-12-06,90.12332273094228
1999-12-07,89.22673630441606
1999-12-08,88.89177820840571
1999-12-09,89.15961480601149
1999-12-10,89.72505371583989
1999-12-13,89.60980947815291
1999-12-14,88.84682444061654
1999-12-15,89.4901362912764
1999-12-16,89.83522752315531
1999-12-17,89.97769447208013
1999-12-20,89.7915336697438
1999-12-21,90.7628472402319
1999-12-22,90.93380447632815
1999-12-23,92.34010908939894
1999-12-27,92.2615946040668
1999-12-28,92.29705671716944
1999-12-29,92.66430022991464
1999-12-30,92.72825269350733
1999-12-31,93.0309176479083
2000-01-03,92.1425552368164
2000-01-04,88.53921508789062
2000-01-05,88.69760131835938
2000-01-06,87.27213287353516
2000-01-07,92.34053802490234
2000-01-10,92.65728759765625
2000-01-11,91.54853057861328
2000-01-12,90.63787841796875
2000-01-13,91.86531829833984
2000-01-14,93.11265563964844
2000-01-18,92.38009643554688
2000-01-19,93.13243103027344
2000-01-20,91.70699310302734
2000-01-21,91.50895690917969
2000-01-24,88.91536712646484
2000-01-25,89.92509460449219
2000-01-26,89.21234893798828
2000-01-27,88.85592651367188
2000-01-28,86.08417510986328
2000-01-31,88.42039489746094
2000-02-01,89.29151153564453
2000-02-02,89.37071990966797
2000-02-03,90.71703338623047
2000-02-04,90.34081268310547
2000-02-07,90.20226287841797
2000-02-08,91.42973327636719
2000-02-09,89.50928497314453
2000-02-10,89.6875
2000-02-11,87.86607360839844
2000-02-14,88.38080596923828
2000-02-15,89.38066101074219
2000-02-16,88.06401824951172
2000-02-17,87.608642578125
2000-02-18,85.72776794433594
2000-02-22,85.5099868774414
2000-02-23,86.51978302001953
2000-02-24,84.77745056152344
2000-02-25,84.47057342529297
2000-02-28,86.24253845214844
2000-02-29,87.0740737915039
2000-03-01,87.7076187133789
2000-03-02,87.76702117919922
2000-03-03,89.4103012084961
2000-03-06,88.53921508789062
2000-03-07,86.82661437988281
2000-03-08,86.71770477294922
2000-03-09,89.251953125
2000-03-10,88.77677154541016
2000-03-13,87.80664825439453
2000-03-14,86.55931091308594
2000-03-15,88.57874298095703
2000-03-16,92.7166748046875
2000-03-17,93.32945251464844
2000-03-20,92.85311889648438
2000-03-21,94.75856018066406
2000-03-22,95.33419799804688
2000-03-23,96.96180725097656
2000-03-24,97.5374526977539
2000-03-27,96.50528717041016
2000-03-28,95.94950103759766
2000-03-29,96.04877471923828
2000-03-30,94.44103240966797
2000-03-31,95.51287841796875
2000-04-03,96.06859588623047
2000-04-04,95.35404968261719
2000-04-05,94.75856018066406
2000-04-06,95.58231353759766
2000-04-07,96.18775177001953
2000-04-10,95.810546875
2000-04-11,95.53271484375
2000-04-12,92.9126205444336
2000-04-13,91.6224365234375
2000-04-14,86.38236236572266
2000-04-17,89.39935302734375
2000-04-18,91.76139068603516
2000-04-19,90.90792083740234
2000-04-20,91.34455108642578
2000-04-24,90.35211181640625
2000-04-25,94.10357666015625
2000-04-26,93.0416259765625
2000-04-27,92.7339859008789
2000-04-28,92.15836334228516
2000-05-01,93.4088363647461
2000-05-02,91.54307556152344
2000-05-03,89.39935302734375
2000-05-04,90.07427978515625
2000-05-05,91.16593170166016
2000-05-08,90.48113250732422
2000-05-09,89.75663757324219
2000-05-10,87.7320785522461
2000-05-11,89.73677062988281
2000-05-12,90.70941162109375
2000-05-15,92.27747344970703
2000-05-16,93.1706771850586
2000-05-17,92.1980972290039
2000-05-18,91.06666564941406
2000-05-19,89.63754272460938
2000-05-22,88.96271514892578
2000-05-23,87.65266418457031
2000-05-24,89.08175659179688
2000-05-25,87.5534439086914
2000-05-26,87.65266418457031
2000-05-30,90.51094055175781
2000-05-31,90.70941162109375
2000-06-01,92.29728698730469
2000-06-02,93.9050521850586
2000-06-05,93.44857025146484
2000-06-06,93.03174591064453
2000-06-07,93.67684173583984
2000-06-08,93.30960845947266
2000-06-09,93.11111450195312
2000-06-12,92.01945495605469
2000-06-13,93.74629974365234
2000-06-14,93.9050521850586
2000-06-15,94.10357666015625
2000-06-16,93.33035278320312
2000-06-19,94.52410125732422
2000-06-20,94.18588256835938
2000-06-21,94.14606475830078
2000-06-22,92.71360778808594
2000-06-23,91.91771697998047
2000-06-26,93.10159301757812
2000-06-27,92.4151611328125
2000-06-28,92.67378997802734
2000-06-29,91.79838562011719
2000-06-30,92.49471282958984
2000-07-03,93.76799774169922
2000-07-05,92.07695007324219
2000-07-06,92.79317474365234
2000-07-07,94.28533935546875
2000-07-10,94.12619018554688
2000-07-11,94.32512664794922
2000-07-12,94.94190216064453
2000-07-13,95.3597183227539
2000-07-14,96.29479217529297
2000-07-17,96.1355972290039
2000-07-18,95.34973907470703
2000-07-19,94.58377075195312
2000-07-20,95.8968734741211
2000-07-21,94.02667999267578
2000-07-24,93.48950958251953
2000-07-25,93.78794860839844
2000-07-26,92.87274169921875
2000-07-27,92.55440521240234
2000-07-28,90.46537017822266
2000-07-31,91.04232025146484
2000-08-01,91.59942626953125
2000-08-02,92.05699157714844
2000-08-03,92.69367980957031
2000-08-04,93.1910629272461
2000-08-07,94.30522155761719
2000-08-08,94.66331481933594
2000-08-09,93.8675765991211
2000-08-10,93.40995788574219
2000-08-11,93.84760284423828
2000-08-14,95.0413589477539
2000-08-15,94.9618148803711
2000-08-16,94.62354278564453
2000-08-17,95.61831665039062
2000-08-18,95.3000259399414
2000-08-21,95.81732940673828
2000-08-22,95.65811920166016
2000-08-23,96.03612518310547
2000-08-24,96.33460235595703
2000-08-25,96.29479217529297
2000-08-28,96.623046875
2000-08-29,96.64295196533203
2000-08-30,95.71784210205078
2000-08-31,96.99114227294922
2000-09-01,97.09059143066406
2000-09-05,96.31464385986328
2000-09-06,95.22040557861328
2000-09-07,96.03612518310547
2000-09-08,95.37960815429688
2000-09-11,95.24034881591797
2000-09-12,94.54397583007812
2000-09-13,94.79264831542969
2000-09-14,95.27013397216797
2000-09-15,93.18587493896484
2000-09-18,92.32818603515625
2000-09-19,93.16593170166016
2000-09-20,92.4778060913086
2000-09-21,91.07159423828125
2000-09-22,92.72711181640625
2000-09-25,92.06885528564453
2000-09-26,90.89208984375
2000-09-27,91.37078857421875
2000-09-28,92.54762268066406
2000-09-29,91.66998291015625
2000-10-02,91.80964660644531
2000-10-03,90.95193481445312
2000-10-04,91.70984649658203
2000-10-05,92.0290298461914
2000-10-06,90.03443145751953
2000-10-09,89.35633850097656
2000-10-10,87.88033294677734
2000-10-11,87.14238739013672
2000-10-12,84.96825408935547
2000-10-13,87.80052947998047
2000-10-16,88.199462890625
2000-10-17,86.00542449951172
2000-10-18,85.6863021850586
2000-10-19,88.91748809814453
2000-10-20,89.29644012451172
2000-10-23,89.69537353515625
2000-10-24,89.09700012207031
2000-10-25,87.00273895263672
2000-10-26,87.2420425415039
2000-10-27,88.89756774902344
2000-10-30,89.69537353515625
2000-10-31,91.24116516113281
2000-11-01,90.93199920654297
2000-11-02,91.08161163330078
2000-11-03,91.1314697265625
2000-11-06,91.76970672607422
2000-11-07,91.7497329711914
2000-11-08,89.71533966064453
2000-11-09,89.37628173828125
2000-11-10,87.20220184326172
2000-11-13,86.5240249633789
2000-11-14,88.79783630371094
2000-11-15,89.07704162597656
2000-11-16,87.68086242675781
2000-11-17,87.21214294433594
2000-11-20,85.96556854248047
2000-11-21,86.40435028076172
2000-11-22,84.3399887084961
2000-11-24,86.06524658203125
2000-11-27,86.82321166992188
2000-11-28,85.32728576660156
2000-11-29,85.1677474975586
2000-11-30,84.42975616455078
2000-12-01,84.38986206054688
2000-12-04,85.10790252685547
2000-12-05,87.90030670166016
2000-12-06,86.49408721923828
2000-12-07,85.30734252929688
2000-12-08,85.50680541992188
2000-12-11,88.47869873046875
2000-12-12,88.0997314453125
2000-12-13,86.89302825927734
2000-12-14,85.7860336303711
2000-12-15,83.8484115600586
2000-12-18,84.96884155273438
2000-12-19,83.23821258544922
2000-12-20,80.82737731933594
2000-12-21,81.38758850097656
2000-12-22,83.82841491699219
2000-12-26,84.72870635986328
2000-12-27,85.34893798828125
2000-12-28,85.60905456542969
2000-12-29,83.9884262084961
2001-01-02,82.46794891357422
2001-01-03,86.42926788330078
2001-01-04,85.49897766113281
2001-01-05,82.70804595947266
2001-01-08,83.3482666015625
2001-01-09,83.12818908691406
2001-01-10,84.58866119384766
2001-01-11,84.66866302490234
2001-01-12,84.50860595703125
2001-01-16,85.04882049560547
2001-01-17,85.43895721435547
2001-01-18,86.28926086425781
2001-01-19,85.79906463623047
2001-01-22,86.36929321289062
2001-01-23,87.04948425292969
2001-01-24,87.3095932006836
2001-01-25,87.08952331542969
2001-01-26,86.98947143554688
2001-01-29,87.45361328125
2001-01-30,88.22188568115234
2001-01-31,87.72256469726562
2001-02-01,88.30509948730469
2001-02-02,86.3012924194336
2001-02-05,86.93505096435547
2001-02-06,86.67899322509766
2001-02-07,86.23082733154297
2001-02-08,85.22566986083984
2001-02-09,84.4062271118164
2001-02-12,85.3729476928711
2001-02-13,84.67509460449219
2001-02-14,84.54707336425781
2001-02-15,85.36652374267578
2001-02-16,83.48430633544922
2001-02-20,82.19744873046875
2001-02-21,80.42408752441406
2001-02-22,80.54570007324219
2001-02-23,80.0014877319336
2001-02-26,81.70450592041016
2001-02-27,80.94904327392578
2001-02-28,79.35491180419922
2001-03-01,79.77104187011719
2001-03-02,79.13722229003906
2001-03-05,79.86068725585938
2001-03-06,80.71856689453125
2001-03-07,81.29478454589844
2001-03-08,81.3843765258789
2001-03-09,78.97716522216797
2001-03-12,75.5968017578125
2001-03-13,76.83882904052734
2001-03-14,75.3215560913086
2001-03-15,75.34070587158203
2001-03-16,73.82958984375
2001-03-19,75.33174896240234
2001-03-20,73.30964660644531
2001-03-21,72.06429290771484
2001-03-22,71.33245086669922
2001-03-23,73.48937225341797
2001-03-26,74.4266128540039
2001-03-27,75.9480209350586
2001-03-28,73.8488540649414
2001-03-29,74.13130187988281
2001-03-30,74.9080581665039
2001-04-02,73.30964660644531
2001-04-03,70.86384582519531
2001-04-04,71.15917205810547
2001-04-05,73.85527038574219
2001-04-06,72.73189544677734
2001-04-09,73.54069519042969
2001-04-10,74.88239288330078
2001-04-11,74.93376159667969
2001-04-12,76.29463958740234
2001-04-16,75.49221801757812
2001-04-17,76.5578842163086
2001-04-18,79.60066986083984
2001-04-19,80.65984344482422
2001-04-20,79.92161560058594
2001-04-23,78.47084045410156
2001-04-24,78.04714965820312
2001-04-25,79.06785583496094
2001-04-26,79.42091369628906
2001-04-27,80.74331665039062
2001-04-30,81.30818939208984
2001-05-01,81.55857849121094
2001-05-02,81.4109115600586
2001-05-03,80.3774185180664
2001-05-04,81.74475860595703
2001-05-07,81.03860473632812
2001-05-08,81.00009155273438
2001-05-09,80.65984344482422
2001-05-10,80.89735412597656
2001-05-11,80.3388900756836
2001-05-14,80.49939727783203
2001-05-15,80.8717269897461
2001-05-16,82.77825164794922
2001-05-17,82.90664672851562
2001-05-18,83.28543090820312
2001-05-21,84.5114974975586
2001-05-22,84.40235137939453
2001-05-23,82.97085571289062
2001-05-24,83.21476745605469
2001-05-25,82.23262023925781
2001-05-29,81.57784271240234
2001-05-30,80.43519592285156
2001-05-31,80.85245513916016
2001-06-01,81.35317993164062
2001-06-04,81.74475860595703
2001-06-05,82.68196868896484
2001-06-06,81.99510955810547
2001-06-07,82.29039764404297
2001-06-08,81.52648162841797
2001-06-11,80.94872283935547
2001-06-12,80.80753326416016
2001-06-13,80.11421966552734
2001-06-14,78.3167724609375
2001-06-15,78.44293975830078
2001-06-18,78.06315612792969
2001-06-19,78.40432739257812
2001-06-20,78.81629180908203
2001-06-21,79.71117401123047
2001-06-22,79.08672332763672
2001-06-25,78.35926055908203
2001-06-26,78.24983215332031
2001-06-27,78.2047348022461
2001-06-28,78.63606262207031
2001-06-29,78.92577362060547
2001-07-02,79.91072845458984
2001-07-03,79.89144134521484
2001-07-05,78.33352661132812
2001-07-06,76.64041900634766
2001-07-09,77.05885314941406
2001-07-10,76.1318130493164
2001-07-11,76.20911407470703
2001-07-12,78.01806640625
2001-07-13,78.69401550292969
2001-07-16,77.70902252197266
2001-07-17,78.43651580810547
2001-07-18,77.90220642089844
2001-07-19,78.58457946777344
2001-07-20,78.1146469116211
2001-07-23,76.57603454589844
2001-07-24,75.8357162475586
2001-07-25,76.67259216308594
2001-07-26,77.4773178100586
2001-07-27,77.7734146118164
2001-07-30,77.7991943359375
2001-07-31,78.12104797363281
2001-08-01,78.6103286743164
2001-08-02,78.93218231201172
2001-08-03,78.50090026855469
2001-08-06,77.44511413574219
2001-08-07,77.7477035522461
2001-08-08,76.30564880371094
2001-08-09,76.53094482421875
2001-08-10,76.79487609863281
2001-08-13,76.81423950195312
2001-08-14,76.78205108642578
2001-08-15,76.11892700195312
2001-08-16,76.38289642333984
2001-08-17,75.15970611572266
2001-08-20,75.8550033569336
2001-08-21,74.56105041503906
2001-08-22,75.33354187011719
2001-08-23,75.06318664550781
2001-08-24,76.62108612060547
2001-08-27,76.16399383544922
2001-08-28,75.05029296875
2001-08-29,74.38079071044922
2001-08-30,72.95164489746094
2001-08-31,73.48596954345703
2001-09-04,73.0160140991211
2001-09-05,73.1962661743164
2001-09-06,71.30999755859375
2001-09-07,69.99029541015625
2001-09-10,70.84651184082031
2001-09-17,67.14486694335938
2001-09-18,66.98388671875
2001-09-19,65.63200378417969
2001-09-20,63.546165466308594
2001-09-21,62.860595703125
2001-09-24,65.07050323486328
2001-09-25,65.74903869628906
2001-09-26,65.51638793945312
2001-09-27,66.08503723144531
2001-09-28,67.48725891113281
2001-10-01,67.3774185180664
2001-10-02,68.2238998413086
2001-10-03,69.36766052246094
2001-10-04,69.4258041381836
2001-10-05,69.29011535644531
2001-10-08,68.83779907226562
2001-10-09,68.46947479248047
2001-10-10,69.99445343017578
2001-10-11,71.08001708984375
2001-10-12,70.7569351196289
2001-10-15,70.627685546875
2001-10-16,71.07353210449219
2001-10-17,69.5615234375
2001-10-18,69.41283416748047
2001-10-19,69.36766052246094
2001-10-22,70.73757934570312
2001-10-23,70.37568664550781
2001-10-24,70.18827056884766
2001-10-25,71.44835662841797
2001-10-26,71.28679656982422
2001-10-29,69.43225860595703
2001-10-30,68.59868621826172
2001-10-31,68.36607360839844
2001-11-01,70.1172103881836
2001-11-02,70.59540557861328
2001-11-05,71.51944732666016
2001-11-06,72.63087463378906
2001-11-07,72.53394317626953
2001-11-08,72.7601089477539
2001-11-09,72.837646484375
2001-11-12,72.39176940917969
2001-11-13,74.02015686035156
2001-11-14,74.09123992919922
2001-11-15,74.22691345214844
2001-11-16,73.89738464355469
2001-11-19,74.80850219726562
2001-11-20,74.18167877197266
2001-11-21,73.69060516357422
2001-11-23,74.75035095214844
2001-11-26,74.91190338134766
2001-11-27,74.58882141113281
2001-11-28,73.23828887939453
2001-11-29,74.22691345214844
2001-11-30,73.69711303710938
2001-12-03,73.25764465332031
2001-12-04,74.49833679199219
2001-12-05,75.8617935180664
2001-12-06,75.82299041748047
2001-12-07,75.31897735595703
2001-12-10,73.9102783203125
2001-12-11,73.76170349121094
2001-12-12,73.84567260742188
2001-12-13,72.41114807128906
2001-12-14,73.10256958007812
2001-12-17,73.85861206054688
2001-12-18,74.29801940917969
2001-12-19,74.8214340209961
2001-12-20,74.08478546142578
2001-12-21,74.53412628173828
2001-12-24,74.39149475097656
2001-12-26,74.79998779296875
2001-12-27,75.25383758544922
2001-12-28,75.2149429321289
2001-12-31,74.11265563964844
2002-01-02,74.9101791381836
2002-01-03,75.75959014892578
2002-01-04,76.26535034179688
2002-01-07,75.72721099853516
2002-01-08,75.55209350585938
2002-01-09,74.93612670898438
2002-01-10,75.26683044433594
2002-01-11,74.52761840820312
2002-01-14,74.06078338623047
2002-01-15,74.66380310058594
2002-01-16,73.15300750732422
2002-01-17,73.70416259765625
2002-01-18,73.36699676513672
2002-01-22,72.86125183105469
2002-01-23,73.41886901855469
2002-01-24,73.64579772949219
2002-01-25,73.6263427734375
2002-01-28,73.82736206054688
2002-01-29,71.50608825683594
2002-01-30,72.53702545166016
2002-01-31,73.38643646240234
2002-02-01,73.04276275634766
2002-02-04,71.22723388671875
2002-02-05,70.78634643554688
2002-02-06,70.48155975341797
2002-02-07,70.04068756103516
2002-02-08,71.38286590576172
2002-02-11,72.25823974609375
2002-02-12,72.0312728881836
2002-02-13,72.7964096069336
2002-02-14,72.66021728515625
2002-02-15,71.90157318115234
2002-02-19,70.52050018310547
2002-02-20,71.7070541381836
2002-02-21,70.22221374511719
2002-02-22,71.09107208251953
2002-02-25,72.26471710205078
2002-02-26,72.11561584472656
2002-02-27,72.3943862915039
2002-02-28,72.07018280029297
2002-03-01,73.74957275390625
2002-03-04,75.0528335571289
2002-03-05,74.81293487548828
2002-03-06,75.70124053955078
2002-03-07,75.53917694091797
2002-03-08,75.85684204101562
2002-03-11,76.01897430419922
2002-03-12,75.97357940673828
2002-03-13,75.24088287353516
2002-03-14,75.13711547851562
2002-03-15,75.85310363769531
2002-03-18,75.86609649658203
2002-03-19,76.373291015625
2002-03-20,74.93616485595703
2002-03-21,74.96870422363281
2002-03-22,74.80615997314453
2002-03-25,73.87629699707031
2002-03-26,74.30543518066406
2002-03-27,74.50050354003906
2002-03-28,74.4679946899414
2002-04-01,74.50050354003906
2002-04-02,74.09085083007812
2002-04-03,73.5706558227539
2002-04-04,73.26502227783203
2002-04-05,73.27804565429688
2002-04-08,73.43408966064453
2002-04-09,72.92037963867188
2002-04-10,73.74620056152344
2002-04-11,71.9124984741211
2002-04-12,72.45220947265625
2002-04-15,71.89949035644531
2002-04-16,73.60966491699219
2002-04-17,73.45361328125
2002-04-18,73.1349868774414
2002-04-19,73.40155029296875
2002-04-22,72.1791000366211
2002-04-23,71.8669662475586
2002-04-24,71.14517211914062
2002-04-25,71.18416595458984
2002-04-26,69.83163452148438
2002-04-29,69.48701477050781
2002-04-30,70.13726806640625
2002-05-01,70.99560546875
2002-05-02,70.72249603271484
2002-05-03,69.95520782470703
2002-05-06,68.5831298828125
2002-05-07,68.34251403808594
2002-05-08,70.88507843017578
2002-05-09,70.06572723388672
2002-05-10,68.74568939208984
2002-05-13,70.14376831054688
2002-05-14,71.67189025878906
2002-05-15,71.39224243164062
2002-05-16,71.762939453125
2002-05-17,72.11406707763672
2002-05-20,71.33374786376953
2002-05-21,70.68350982666016
2002-05-22,70.83955383300781
2002-05-23,71.59385681152344
2002-05-24,70.67698669433594
2002-05-28,70.2933349609375
2002-05-29,69.77310180664062
2002-05-30,69.57803344726562
2002-05-31,69.7210922241211
2002-06-03,67.86784362792969
2002-06-04,68.03691101074219
2002-06-05,68.6741714477539
2002-06-06,67.27615356445312
2002-06-07,67.1980972290039
2002-06-10,67.45817565917969
2002-06-11,66.30069732666016
2002-06-12,66.70384979248047
2002-06-13,66.03414154052734
2002-06-14,65.93658447265625
2002-06-17,67.70528411865234
2002-06-18,68.25804138183594
2002-06-19,66.66486358642578
2002-06-20,65.81302642822266
2002-06-21,64.783935546875
2002-06-24,65.12329864501953
2002-06-25,63.66160202026367
2002-06-26,63.76604080200195
2002-06-27,64.88188934326172
2002-06-28,64.5751724243164
2002-07-01,63.31576156616211
2002-07-02,61.9715461730957
2002-07-03,62.32390213012695
2002-07-05,64.80353546142578
2002-07-08,63.99442672729492
2002-07-09,62.38264465332031
2002-07-10,60.111793518066406
2002-07-11,60.60118865966797
2002-07-12,59.93559646606445
2002-07-15,60.25535202026367
2002-07-16,59.09384536743164
2002-07-17,59.21128845214844
2002-07-18,57.29283142089844
2002-07-19,55.276493072509766
2002-07-22,53.638641357421875
2002-07-23,52.170406341552734
2002-07-24,55.28303146362305
2002-07-25,54.81319046020508
2002-07-26,55.857276916503906
2002-07-29,58.57832717895508
2002-07-30,59.34178161621094
2002-07-31,59.48535919189453
2002-08-01,57.93233871459961
2002-08-02,56.63379669189453
2002-08-05,54.663108825683594
2002-08-06,56.50328063964844
2002-08-07,57.488582611083984
2002-08-08,59.34833908081055
2002-08-09,59.5701904296875
2002-08-12,59.13300704956055
2002-08-13,58.056312561035156
2002-08-14,60.17702865600586
2002-08-15,61.01231384277344
2002-08-16,60.82958984375
2002-08-19,62.252140045166016
2002-08-20,61.593048095703125
2002-08-21,62.48051452636719
2002-08-22,63.08743667602539
2002-08-23,61.73008728027344
2002-08-26,62.160770416259766
2002-08-27,61.44300079345703
2002-08-28,60.0987663269043
2002-08-29,60.12486267089844
2002-08-30,59.88993453979492
2002-09-03,57.6060676574707
2002-09-04,58.42824935913086
2002-09-05,57.93233871459961
2002-09-06,58.728416442871094
2002-09-09,59.159114837646484
2002-09-10,59.83771896362305
2002-09-11,59.46576690673828
2002-09-12,58.369537353515625
2002-09-13,58.51308059692383
2002-09-16,58.65664291381836
2002-09-17,57.31242752075195
2002-09-18,56.73817443847656
2002-09-19,55.26997756958008
2002-09-20,55.2883415222168
2002-09-23,54.836055755615234
2002-09-24,53.95117950439453
2002-09-25,55.2883415222168
2002-09-26,56.19285583496094
2002-09-27,54.23959732055664
2002-09-30,53.6103401184082
2002-10-01,56.18630599975586
2002-10-02,54.50175857543945
2002-10-03,53.95117950439453
2002-10-04,52.9614372253418
2002-10-07,51.86679458618164
2002-10-08,52.67959213256836
2002-10-09,51.1916618347168
2002-10-10,52.84999084472656
2002-10-11,55.16377639770508
2002-10-14,55.47187805175781
2002-10-15,58.13957595825195
2002-10-16,56.730350494384766
2002-10-17,57.85776138305664
2002-10-18,58.100257873535156
2002-10-21,59.103118896484375
2002-10-22,58.677085876464844
2002-10-23,59.12279510498047
2002-10-24,57.916717529296875
2002-10-25,59.12279510498047
2002-10-28,58.73605728149414
2002-10-29,58.05440902709961
2002-10-30,58.618099212646484
2002-10-31,58.02159881591797
2002-11-01,59.168636322021484
2002-11-04,59.732383728027344
2002-11-05,60.204288482666016
2002-11-06,60.98430633544922
2002-11-07,59.489837646484375
2002-11-08,58.76229476928711
2002-11-11,57.8511962890625
2002-11-12,58.30999755859375
2002-11-13,58.36899948120117
2002-11-14,59.470184326171875
2002-11-15,59.909339904785156
2002-11-18,59.30631637573242
2002-11-19,59.227664947509766
2002-11-20,60.54515075683594
2002-11-21,61.672542572021484
2002-11-22,61.23335647583008
2002-11-25,61.27273941040039
2002-11-26,60.1059684753418
2002-11-27,61.79708480834961
2002-11-29,61.6004524230957
2002-12-02,61.69876480102539
2002-12-03,60.87287139892578
2002-12-04,60.597591400146484
2002-12-05,59.92900466918945
2002-12-06,60.322288513183594
2002-12-09,58.663944244384766
2002-12-10,59.45052719116211
2002-12-11,59.502986907958984
2002-12-12,59.49637985229492
2002-12-13,58.55907440185547
2002-12-16,60.07318878173828
2002-12-17,59.54885482788086
2002-12-18,58.860565185546875
2002-12-19,58.44110870361328
2002-12-20,59.27501678466797
2002-12-23,59.294742584228516
2002-12-24,58.85343551635742
2002-12-26,58.87979507446289
2002-12-27,57.55582809448242
2002-12-30,58.03669738769531
2002-12-31,58.11572265625
2003-01-02,59.98638153076172
2003-01-03,60.17081832885742
2003-01-06,61.231292724609375
2003-01-07,61.07978057861328
2003-01-08,60.19716262817383
2003-01-09,61.13249206542969
2003-01-10,61.29718017578125
2003-01-13,61.27738952636719
2003-01-14,61.4749755859375
2003-01-15,60.86244583129883
2003-01-16,60.612117767333984
2003-01-17,59.716346740722656
2003-01-21,58.78755569458008
2003-01-22,58.076194763183594
2003-01-23,58.43186569213867
2003-01-24,56.89714431762695
2003-01-27,56.11991500854492
2003-01-28,56.534873962402344
2003-01-29,56.963008880615234
2003-01-30,55.61272430419922
2003-01-31,56.68638610839844
2003-02-03,56.79835510253906
2003-02-04,56.23841857910156
2003-02-05,55.88934326171875
2003-02-06,55.62590026855469
2003-02-07,54.94744110107422
2003-02-10,55.336063385009766
2003-02-11,54.95403289794922
2003-02-12,54.077980041503906
2003-02-13,54.24266815185547
2003-02-14,55.42828369140625
2003-02-18,56.40311813354492
2003-02-19,56.10673522949219
2003-02-20,55.54683303833008
2003-02-21,56.10673522949219
2003-02-24,55.19771957397461
2003-02-25,55.6390495300293
2003-02-26,54.82887649536133
2003-02-27,55.55345153808594
2003-02-28,55.922279357910156
2003-03-03,55.3887825012207
2003-03-04,54.506134033203125
2003-03-05,54.96718215942383
2003-03-06,54.506134033203125
2003-03-07,54.88155746459961
2003-03-10,53.56422805786133
2003-03-11,53.03725814819336
2003-03-12,53.39295959472656
2003-03-13,55.237239837646484
2003-03-14,55.41510009765625
2003-03-17,57.16059112548828
2003-03-18,57.49656295776367
2003-03-19,57.9378662109375
2003-03-20,58.063018798828125
2003-03-21,59.30235290527344
2003-03-24,57.331581115722656
2003-03-25,57.8804931640625
2003-03-26,57.58951950073242
2003-03-27,57.63577651977539
2003-03-28,57.344783782958984
2003-03-31,56.0419807434082
2003-04-01,56.90169143676758
2003-04-02,58.277278900146484
2003-04-03,57.99949645996094
2003-04-04,58.343421936035156
2003-04-07,58.23099899291992
2003-04-08,58.32359313964844
2003-04-09,57.55644226074219
2003-04-10,57.8738899230957
2003-04-11,57.63577651977539
2003-04-14,58.82619857788086
2003-04-15,59.375099182128906
2003-04-16,58.36327362060547
2003-04-17,59.22958755493164
2003-04-21,59.28915786743164
2003-04-22,60.406795501708984
2003-04-23,60.96233367919922
2003-04-24,60.42005157470703
2003-04-25,59.672698974609375
2003-04-28,60.704429626464844
2003-04-29,60.91604995727539
2003-04-30,60.78377914428711
2003-05-01,60.77714920043945
2003-05-02,61.643497467041016
2003-05-05,61.52446365356445
2003-05-06,62.10643768310547
2003-05-07,61.76254653930664
2003-05-08,61.140907287597656
2003-05-09,61.987396240234375
2003-05-12,62.74795913696289
2003-05-13,62.63549041748047
2003-05-14,62.50325012207031
2003-05-15,62.90007400512695
2003-05-16,62.7413330078125
2003-05-19,61.27312469482422
2003-05-20,61.14752960205078
2003-05-21,61.27312469482422
2003-05-22,61.881587982177734
2003-05-23,62.00728225708008
2003-05-27,63.091835021972656
2003-05-28,63.27042007446289
2003-05-29,63.10508346557617
2003-05-30,64.1169204711914
2003-06-02,64.38143920898438
2003-06-03,64.64601135253906
2003-06-04,65.57847595214844
2003-06-05,65.90254974365234
2003-06-06,65.64463806152344
2003-06-09,64.9766616821289
2003-06-10,65.63801574707031
2003-06-11,66.33243560791016
2003-06-12,66.53746795654297
2003-06-13,65.84300994873047
2003-06-16,67.23185729980469
2003-06-17,67.23185729980469
2003-06-18,67.17230224609375
2003-06-19,66.14727020263672
2003-06-20,66.00120544433594
2003-06-23,65.32421875
2003-06-24,65.3906021118164
2003-06-25,64.73348236083984
2003-06-26,65.57645416259766
2003-06-27,64.81977081298828
2003-06-30,64.79986572265625
2003-07-01,65.39724731445312
2003-07-02,66.22026062011719
2003-07-03,65.53661346435547
2003-07-07,66.83750915527344
2003-07-08,67.13618469238281
2003-07-09,66.75786590576172
2003-07-10,65.9083023071289
2003-07-11,66.53218841552734
2003-07-14,66.8574447631836
2003-07-15,66.71138763427734
2003-07-16,66.31978607177734
2003-07-17,65.37734985351562
2003-07-18,66.04768371582031
2003-07-21,65.2313003540039
2003-07-22,65.82202911376953
2003-07-23,65.86846160888672
2003-07-24,65.37067413330078
2003-07-25,66.52556610107422
2003-07-28,66.27997589111328
2003-07-29,65.97470092773438
2003-07-30,65.81536865234375
2003-07-31,65.96803283691406
2003-08-01,65.38392639160156
2003-08-04,65.38392639160156
2003-08-05,63.996788024902344
2003-08-06,64.36843872070312
2003-08-07,65.04545593261719
2003-08-08,65.2313003540039
2003-08-11,65.47685241699219
2003-08-12,66.07422637939453
2003-08-13,65.73573303222656
2003-08-14,65.91494750976562
2003-08-15,66.12069702148438
2003-08-18,66.69149017333984
2003-08-19,66.94371795654297
2003-08-20,66.67158508300781
2003-08-21,66.88397979736328
2003-08-22,66.22026062011719
2003-08-25,66.32642364501953
2003-08-26,66.4458999633789
2003-08-27,66.4658203125
2003-08-28,66.87734985351562
2003-08-29,67.32869720458984
2003-09-02,68.23136901855469
2003-09-03,68.60304260253906
2003-09-04,68.63619232177734
2003-09-05,68.25125885009766
2003-09-08,68.81543731689453
2003-09-09,68.36406707763672
2003-09-10,67.673828125
2003-09-11,67.87294006347656
2003-09-12,67.99905395507812
2003-09-15,67.7601089477539
2003-09-16,68.74906158447266
2003-09-17,68.61632537841797
2003-09-18,69.42601776123047
2003-09-19,69.07296752929688
2003-09-22,68.3266830444336
2003-09-23,68.58654022216797
2003-09-24,67.36725616455078
2003-09-25,66.81427764892578
2003-09-26,66.59437561035156
2003-09-29,67.24736022949219
2003-09-30,66.59437561035156
2003-10-01,68.01353454589844
2003-10-02,68.26007843017578
2003-10-03,68.88636016845703
2003-10-06,69.19953155517578
2003-10-07,69.46601104736328
2003-10-08,69.29283142089844
2003-10-09,69.47935485839844
2003-10-10,69.67257690429688
2003-10-13,69.89244079589844
2003-10-14,70.13899993896484
2003-10-15,69.95242309570312
2003-10-16,70.23225402832031
2003-10-17,69.46601104736328
2003-10-20,69.9857177734375
2003-10-21,69.86577606201172
2003-10-22,68.98633575439453
2003-10-23,68.85971069335938
2003-10-24,69.01299285888672
2003-10-27,69.0462646484375
2003-10-28,69.9857177734375
2003-10-29,70.07901763916016
2003-10-30,70.22557830810547
2003-10-31,70.15900421142578
2003-11-03,70.61869812011719
2003-11-04,70.46546936035156
2003-11-05,70.51873779296875
2003-11-06,70.89187622070312
2003-11-07,70.36551666259766
2003-11-10,70.07901763916016
2003-11-11,70.05901336669922
2003-11-12,70.8452377319336
2003-11-13,70.86521911621094
2003-11-14,70.26554870605469
2003-11-17,69.91246032714844
2003-11-18,69.18621063232422
2003-11-19,69.77254486083984
2003-11-20,69.146240234375
2003-11-21,69.43272399902344
2003-11-24,70.35218811035156
2003-11-25,70.61869812011719
2003-11-26,70.87187957763672
2003-11-28,70.92518615722656
2003-12-01,71.69139862060547
2003-12-02,71.51151275634766
2003-12-03,71.39822387695312
2003-12-04,71.69139862060547
2003-12-05,71.19168853759766
2003-12-08,71.67143249511719
2003-12-09,71.118408203125
2003-12-10,71.11177825927734
2003-12-11,71.91127014160156
2003-12-12,72.05117797851562
2003-12-15,71.69139862060547
2003-12-16,72.06452178955078
2003-12-17,72.29104614257812
2003-12-18,73.10391235351562
2003-12-19,72.90040588378906
2003-12-22,73.40914154052734
2003-12-23,73.45604705810547
2003-12-24,73.38243103027344
2003-12-26,73.43592834472656
2003-12-29,74.413330078125
2003-12-30,74.42668151855469
2003-12-31,74.49365234375
2004-01-02,74.46016693115234
2004-01-05,75.27017974853516
2004-01-06,75.34381103515625
2004-01-07,75.59819030761719
2004-01-08,75.89940643310547
2004-01-09,75.23670196533203
2004-01-12,75.79232025146484
2004-01-13,75.35049438476562
2004-01-14,75.97978210449219
2004-01-15,76.16719055175781
2004-01-16,76.46842956542969
2004-01-20,76.4483413696289
2004-01-21,77.05083465576172
2004-01-22,76.8499984741211
2004-01-23,76.60230255126953
2004-01-26,77.56627655029297
2004-01-27,76.76968383789062
2004-01-28,75.89275360107422
2004-01-29,75.96635437011719
2004-01-30,75.96635437011719
2004-02-02,76.29439544677734
2004-02-03,76.16719055175781
2004-02-04,75.54466247558594
2004-02-05,75.76553344726562
2004-02-06,76.61572265625
2004-02-09,76.63579559326172
2004-02-10,76.88349151611328
2004-02-11,77.7001953125
2004-02-12,77.41905212402344
2004-02-13,77.0708999633789
2004-02-17,77.7671127319336
2004-02-18,77.4256820678711
2004-02-19,77.13787841796875
2004-02-20,76.9035415649414
2004-02-23,76.70941925048828
2004-02-24,76.57553100585938
2004-02-25,76.89685821533203
2004-02-26,76.94367980957031
2004-02-27,76.99727630615234
2004-03-01,77.76043701171875
2004-03-02,77.30524444580078
2004-03-03,77.4458236694336
2004-03-04,77.64663696289062
2004-03-05,77.90768432617188
2004-03-08,76.95712280273438
2004-03-09,76.64918518066406
2004-03-10,75.3638916015625
2004-03-11,74.38652038574219
2004-03-12,75.3638916015625
2004-03-15,74.44007110595703
2004-03-16,74.83500671386719
2004-03-17,75.67180633544922
2004-03-18,75.69190216064453
2004-03-19,74.60700988769531
2004-03-22,73.65982055664062
2004-03-23,73.53215789794922
2004-03-24,73.59263610839844
2004-03-25,74.56671142578125
2004-03-26,74.58682250976562
2004-03-29,75.63480377197266
2004-03-30,75.89004516601562
2004-03-31,75.97740173339844
2004-04-01,76.4342041015625
2004-04-02,77.0119400024414
2004-04-05,77.4351577758789
2004-04-06,77.18663787841797
2004-04-07,77.00521850585938
2004-04-08,76.83053588867188
2004-04-12,77.13284301757812
2004-04-13,76.05127716064453
2004-04-14,76.17222595214844
2004-04-15,75.88331604003906
2004-04-16,76.4677963256836
2004-04-19,76.4677963256836
2004-04-20,75.18470764160156
2004-04-21,75.68853759765625
2004-04-22,76.7499771118164
2004-04-23,76.82384490966797
2004-04-26,76.71635437011719
2004-04-27,76.78351593017578
2004-04-28,75.7893295288086
2004-04-29,75.12428283691406
2004-04-30,74.53981018066406
2004-05-03,75.33926391601562
2004-05-04,75.2787857055664
2004-05-05,75.762451171875
2004-05-06,75.1108169555664
2004-05-07,73.86804962158203
2004-05-10,73.10894775390625
2004-05-11,73.7269515991211
2004-05-12,74.1972427368164
2004-05-13,73.8882064819336
2004-05-14,73.92179107666016
2004-05-17,73.29033660888672
2004-05-18,73.65982055664062
2004-05-19,73.40452575683594
2004-05-20,73.63968658447266
2004-05-21,73.76728820800781
2004-05-24,74.07630920410156
2004-05-25,75.1376724243164
2004-05-26,75.39969635009766
2004-05-27,75.82288360595703
2004-05-28,75.81620025634766
2004-06-01,75.71544647216797
2004-06-02,75.99756622314453
2004-06-03,75.29895782470703
2004-06-04,75.89678955078125
2004-06-07,77.05226135253906
2004-06-08,77.15974426269531
2004-06-09,76.44092559814453
2004-06-10,76.81713104248047
2004-06-14,76.05802154541016
2004-06-15,76.59544372558594
2004-06-16,76.5820083618164
2004-06-17,76.4677963256836
2004-06-18,76.61209869384766
2004-06-21,76.32220458984375
2004-06-22,76.70648193359375
2004-06-23,77.36723327636719
2004-06-24,77.1244888305664
2004-06-25,76.75366973876953
2004-06-28,76.49073028564453
2004-06-29,76.80758666992188
2004-06-30,77.2188720703125
2004-07-01,76.14688873291016
2004-07-02,76.1064224243164
2004-07-06,75.4389419555664
2004-07-07,75.66141510009766
2004-07-08,75.13555145263672
2004-07-09,75.33106231689453
2004-07-12,75.36479187011719
2004-07-13,75.41870880126953
2004-07-14,75.18946075439453
2004-07-15,74.70404052734375
2004-07-16,74.64335632324219
2004-07-19,74.32646179199219
2004-07-20,75.27040100097656
2004-07-21,73.88150787353516
2004-07-22,74.08378601074219
2004-07-23,73.46346282958984
2004-07-26,73.32186126708984
2004-07-27,74.00957489013672
2004-07-28,74.23208618164062
2004-07-29,74.5489730834961
2004-07-30,74.73099517822266
2004-08-02,74.88606262207031
2004-08-03,74.3062515258789
2004-08-04,74.29953002929688
2004-08-05,73.0859146118164
2004-08-06,72.04085540771484
2004-08-09,72.14198303222656
2004-08-10,73.07241821289062
2004-08-11,72.92408752441406
2004-08-12,72.12848663330078
2004-08-13,72.27008056640625
2004-08-16,73.01850891113281
2004-08-17,73.42980194091797
2004-08-18,74.18489074707031
2004-08-19,73.96913146972656
2004-08-20,74.48831176757812
2004-08-23,74.29953002929688
2004-08-24,74.40061950683594
2004-08-25,74.90628051757812
2004-08-26,74.90628051757812
2004-08-27,75.1423110961914
2004-08-30,74.52194213867188
2004-08-31,74.91307067871094
2004-09-01,75.05463409423828
2004-09-02,75.90416717529297
2004-09-03,75.59402465820312
2004-09-07,76.09294128417969
2004-09-08,75.90416717529297
2004-09-09,75.83673858642578
2004-09-10,76.22777557373047
2004-09-13,76.47725677490234
2004-09-14,76.6323013305664
2004-09-15,76.0524673461914
2004-09-16,76.28174591064453
2004-09-17,76.60600280761719
2004-09-20,76.14566040039062
2004-09-21,76.4773941040039
2004-09-22,75.52278137207031
2004-09-23,75.11656188964844
2004-09-24,75.46183013916016
2004-09-27,74.98114776611328
2004-09-28,75.33993530273438
2004-09-29,75.71912384033203
2004-09-30,75.66496276855469
2004-10-01,76.94456481933594
2004-10-04,77.07316589355469
2004-10-05,77.11381530761719
2004-10-06,77.64187622070312
2004-10-07,76.80908966064453
2004-10-08,76.17273712158203
2004-10-11,76.484130859375
2004-10-12,76.186279296875
2004-10-13,75.5159912109375
2004-10-14,74.90665435791016
2004-10-15,75.326416015625
2004-10-18,75.61077880859375
2004-10-19,74.97437286376953
2004-10-20,74.82543182373047
2004-10-21,75.31289672851562
2004-10-22,74.46662139892578
2004-10-25,74.37859344482422
2004-10-26,75.5159912109375
2004-10-27,76.42318725585938
2004-10-28,76.6534194946289
2004-10-29,76.63988494873047
2004-11-01,76.8497543334961
2004-11-02,76.87684631347656
2004-11-03,77.844970703125
2004-11-04,78.90795135498047
2004-11-05,79.40216064453125
2004-11-08,79.28703308105469
2004-11-09,79.13134002685547
2004-11-10,79.1922836303711
2004-11-11,79.79484558105469
2004-11-12,80.42447662353516
2004-11-15,80.62206268310547
2004-11-16,80.04486846923828
2004-11-17,80.52022552490234
2004-11-18,80.62882995605469
2004-11-19,79.73252868652344
2004-11-22,80.1128158569336
2004-11-23,80.23502349853516
2004-11-24,80.42514038085938
2004-11-26,80.36404418945312
2004-11-29,79.9973373413086
2004-11-30,80.05167388916016
2004-12-01,80.96159362792969
2004-12-02,81.02947998046875
2004-12-03,80.97515106201172
2004-12-06,80.94801330566406
2004-12-07,80.19427490234375
2004-12-08,80.66281127929688
2004-12-09,80.94801330566406
2004-12-10,81.02947998046875
2004-12-13,81.73570251464844
2004-12-14,82.0208969116211
2004-12-15,82.08196258544922
2004-12-16,82.03443145751953
2004-12-17,81.48731231689453
2004-12-20,81.50779724121094
2004-12-21,82.13542938232422
2004-12-22,82.33329772949219
2004-12-23,82.39469909667969
2004-12-27,82.2241439819336
2004-12-28,82.67444610595703
2004-12-29,82.7972412109375
2004-12-30,82.64028930664062
2004-12-31,82.46292114257812
2005-01-03,82.07405090332031
2005-01-04,81.07112121582031
2005-01-05,80.51171112060547
2005-01-06,80.92107391357422
2005-01-07,80.80506896972656
2005-01-10,81.18712615966797
2005-01-11,80.627685546875
2005-01-12,80.89374542236328
2005-01-13,80.24560546875
2005-01-14,80.66860961914062
2005-01-18,81.50779724121094
2005-01-19,80.65497589111328
2005-01-20,80.16375732421875
2005-01-21,79.67256164550781
2005-01-24,79.51564025878906
2005-01-25,79.74075317382812
2005-01-26,79.97956085205078
2005-01-27,80.11600494384766
2005-01-28,80.11600494384766
2005-01-31,80.61404418945312
2005-02-01,81.12571716308594
2005-02-02,81.3713150024414
2005-02-03,81.15982055664062
2005-02-04,82.02630615234375
2005-02-07,81.91712188720703
2005-02-08,82.01264953613281
2005-02-09,81.39863586425781
2005-02-10,81.69200134277344
2005-02-11,82.39469909667969
2005-02-14,82.33329772949219
2005-02-15,82.64028930664062
2005-02-16,82.69485473632812
2005-02-17,82.02630615234375
2005-02-18,82.13542938232422
2005-02-22,80.91423034667969
2005-02-23,81.4941177368164
2005-02-24,82.0331039428711
2005-02-25,82.84494018554688
2005-02-28,82.29917907714844
2005-03-01,82.70852661132812
2005-03-02,82.66758728027344
2005-03-03,82.7016830444336
2005-03-04,83.73188781738281
2005-03-07,83.77281951904297
2005-03-08,83.45901489257812
2005-03-09,82.5311508178711
2005-03-10,82.71536254882812
2005-03-11,82.13542938232422
2005-03-14,82.6471176147461
2005-03-15,81.96490478515625
2005-03-16,81.26902770996094
2005-03-17,81.4327392578125
2005-03-18,81.19094848632812
2005-03-21,80.88960266113281
2005-03-22,80.06767272949219
2005-03-23,80.13618469238281
2005-03-24,80.2320556640625
2005-03-28,80.34847259521484
2005-03-29,79.81427001953125
2005-03-30,80.94437408447266
2005-03-31,80.79370880126953
2005-04-01,80.43067932128906
2005-04-04,80.56768798828125
2005-04-05,80.95123291015625
2005-04-06,81.2320327758789
2005-04-07,81.6703872680664
2005-04-08,80.82110595703125
2005-04-11,80.88272094726562
2005-04-12,81.300537109375
2005-04-13,80.3416519165039
2005-04-14,79.29371643066406
2005-04-15,78.18411254882812
2005-04-18,78.4238510131836
2005-04-19,79.04716491699219
2005-04-20,77.94440460205078
2005-04-21,79.45809936523438
2005-04-22,79.15672302246094
2005-04-25,79.67725372314453
2005-04-26,78.90328216552734
2005-04-27,79.2115249633789
2005-04-28,78.21834564208984
2005-04-29,79.28001403808594
2005-05-02,79.72520446777344
2005-05-03,79.86219787597656
2005-05-04,80.47863006591797
2005-05-05,80.45123291015625
2005-05-06,80.19776916503906
2005-05-09,80.69779968261719
2005-05-10,79.86219787597656
2005-05-11,80.3005599975586
2005-05-12,79.41698455810547
2005-05-13,79.25946807861328
2005-05-16,79.99917602539062
2005-05-17,80.53341674804688
2005-05-18,81.36224365234375
2005-05-19,81.70464324951172
2005-05-20,81.58822631835938
2005-05-23,82.04026794433594
2005-05-24,81.84846496582031
2005-05-25,81.78687286376953
2005-05-26,82.22515106201172
2005-05-27,82.36216735839844
2005-05-31,81.83479309082031
2005-06-01,82.53340911865234
2005-06-02,82.71147155761719
2005-06-03,82.29366302490234
2005-06-06,82.21832275390625
2005-06-07,82.27999114990234
2005-06-08,82.12935638427734
2005-06-09,82.51969146728516
2005-06-10,82.32793426513672
2005-06-13,82.58819580078125
2005-06-14,82.77996826171875
2005-06-15,82.93751525878906
2005-06-16,83.14982604980469
2005-06-17,83.45793151855469
2005-06-20,83.4854507446289
2005-06-21,83.53355407714844
2005-06-22,83.60235595703125
2005-06-23,82.42638397216797
2005-06-24,81.82122039794922
2005-06-27,81.9381332397461
2005-06-28,82.62583923339844
2005-06-29,82.40575408935547
2005-06-30,81.95874786376953
2005-07-01,82.199462890625
2005-07-05,82.85963439941406
2005-07-06,82.16505432128906
2005-07-07,82.48828125
2005-07-08,83.430419921875
2005-07-11,83.85676574707031
2005-07-12,84.07684326171875
2005-07-13,84.1937484741211
2005-07-14,84.52387237548828
2005-07-15,84.47571563720703
2005-07-18,84.13874053955078
2005-07-19,84.59947204589844
2005-07-20,84.88832092285156
2005-07-21,84.3931884765625
2005-07-22,84.95709228515625
2005-07-25,84.71640014648438
2005-07-26,84.81954193115234
2005-07-27,85.12898254394531
2005-07-28,85.66539001464844
2005-07-29,85.09461975097656
2005-08-01,85.03271484375
2005-08-02,85.54161071777344
2005-08-03,85.76856994628906
2005-08-04,85.08084869384766
2005-08-05,84.5031967163086
2005-08-08,84.34503173828125
2005-08-09,84.85391235351562
2005-08-10,84.81266021728516
2005-08-11,85.1496353149414
2005-08-12,84.62699127197266
2005-08-15,85.1496353149414
2005-08-16,84.04243469238281
2005-08-17,84.03559875488281
2005-08-18,84.0286865234375
2005-08-19,84.22126007080078
2005-08-22,84.22126007080078
2005-08-23,84.06307220458984
2005-08-24,83.31352233886719
2005-08-25,83.61610412597656
2005-08-26,83.04529571533203
2005-08-29,83.68486022949219
2005-08-30,83.24473571777344
2005-08-31,84.29689025878906
2005-09-01,84.23499298095703
2005-09-02,84.08370971679688
2005-09-06,85.0671157836914
2005-09-07,85.21151733398438
2005-09-08,84.9295883178711
2005-09-09,85.68604278564453
2005-09-12,85.51409912109375
2005-09-13,85.03960418701172
2005-09-14,84.73014831542969
2005-09-15,84.68885803222656
2005-09-16,85.29110717773438
2005-09-19,85.00796508789062
2005-09-20,84.28971099853516
2005-09-21,83.50240325927734
2005-09-22,83.7993392944336
2005-09-23,83.86844635009766
2005-09-26,83.96513366699219
2005-09-27,83.94439697265625
2005-09-28,84.02729034423828
2005-09-29,84.71096801757812
2005-09-30,84.97344207763672
2005-10-03,84.66954803466797
2005-10-04,83.71646881103516
2005-10-05,82.618408203125
2005-10-06,82.32144927978516
2005-10-07,82.60462951660156
2005-10-10,81.90706634521484
2005-10-11,81.7896957397461
2005-10-12,81.14738464355469
2005-10-13,81.09906005859375
2005-10-14,81.95539855957031
2005-10-17,82.2593002319336
2005-10-18,81.36837768554688
2005-10-19,82.72200775146484
2005-10-20,81.26483154296875
2005-10-21,81.58250427246094
2005-10-24,82.84632873535156
2005-10-25,82.68055725097656
2005-10-26,82.43885803222656
2005-10-27,81.56179809570312
2005-10-28,82.73584747314453
2005-10-31,82.96372985839844
2005-11-01,83.21234130859375
2005-11-02,84.08255004882812
2005-11-03,84.44160461425781
2005-11-04,84.33114624023438
2005-11-07,84.41402435302734
2005-11-08,84.41402435302734
2005-11-09,84.52449798583984
2005-11-10,85.18060302734375
2005-11-11,85.47063446044922
2005-11-14,85.42231750488281
2005-11-15,85.11155700683594
2005-11-16,85.28421783447266
2005-11-17,86.0783920288086
2005-11-18,86.41680145263672
2005-11-21,86.85191345214844
2005-11-22,87.22479248046875
2005-11-23,87.72898864746094
2005-11-25,87.79801177978516
2005-11-28,87.17646789550781
2005-11-29,87.07978057861328
2005-11-30,86.61017608642578
2005-12-01,87.49415588378906
2005-12-02,87.60467529296875
2005-12-05,87.41820526123047
2005-12-06,87.58393096923828
2005-12-07,87.07290649414062
2005-12-08,87.01763153076172
2005-12-09,87.24555206298828
2005-12-12,87.32843017578125
2005-12-13,87.92234802246094
2005-12-14,88.26766204833984
2005-12-15,88.01215362548828
2005-12-16,87.72886657714844
2005-12-19,87.277587890625
2005-12-20,87.36088562011719
2005-12-21,87.499755859375
2005-12-22,87.9579849243164
2005-12-23,88.0065689086914
2005-12-27,87.11096954345703
2005-12-28,87.30534362792969
2005-12-29,86.91655731201172
2005-12-30,86.44442749023438
2006-01-03,87.96491241455078
2006-01-04,88.38147735595703
2006-01-05,88.43701171875
2006-01-06,89.17295837402344
2006-01-09,89.40206146240234
2006-01-10,89.49232482910156
2006-01-11,89.77696228027344
2006-01-12,89.42288970947266
2006-01-13,89.33956909179688
2006-01-17,89.09656524658203
2006-01-18,88.74250793457031
2006-01-19,89.08269500732422
2006-01-20,87.4581069946289
2006-01-23,87.77050018310547
2006-01-24,87.86078643798828
2006-01-25,87.9371566772461
2006-01-26,88.42314910888672
2006-01-27,89.24239349365234
2006-01-30,89.17295837402344
2006-01-31,88.5203628540039
2006-02-01,89.13822937011719
2006-02-02,88.10375213623047
2006-02-03,87.6664047241211
2006-02-06,87.89552307128906
2006-02-07,87.1179428100586
2006-02-08,87.90939331054688
2006-02-09,87.76359558105469
2006-02-10,87.92327880859375
2006-02-13,87.76359558105469
2006-02-14,88.69391632080078
2006-02-15,89.00635528564453
2006-02-16,89.6728286743164
2006-02-17,89.42984008789062
2006-02-21,89.20769500732422
2006-02-22,89.74923706054688
2006-02-23,89.6173095703125
2006-02-24,89.84639739990234
2006-02-27,89.8811264038086
2006-02-28,89.02715301513672
2006-03-01,89.81866455078125
2006-03-02,89.81167602539062
2006-03-03,89.3951416015625
2006-03-06,88.98548126220703
2006-03-07,88.84664154052734
2006-03-08,89.03409576416016
2006-03-09,88.43701171875
2006-03-10,89.27711486816406
2006-03-13,89.44371795654297
2006-03-14,90.3809585571289
2006-03-15,90.78370666503906
2006-03-16,90.97113800048828
2006-03-17,91.0470962524414
2006-03-20,90.90070343017578
2006-03-21,90.32917785644531
2006-03-22,90.87984466552734
2006-03-23,90.69164276123047
2006-03-24,90.76132202148438
2006-03-27,90.62891387939453
2006-03-28,90.07128143310547
2006-03-29,90.63585662841797
2006-03-30,90.47552490234375
2006-03-31,90.49644470214844
2006-04-03,90.42677307128906
2006-04-04,91.00530242919922
2006-04-05,91.31896209716797
2006-04-06,91.22138214111328
2006-04-07,90.2942886352539
2006-04-10,90.43367767333984
2006-04-11,89.66697692871094
2006-04-12,89.83426666259766
2006-04-13,89.71575927734375
2006-04-17,89.68092346191406
2006-04-18,91.10286712646484
2006-04-19,91.2771224975586
2006-04-20,91.40260314941406
2006-04-21,91.41651153564453
2006-04-24,91.2492446899414
2006-04-25,90.87284851074219
2006-04-26,90.89376831054688
2006-04-27,91.33290100097656
2006-04-28,91.63959503173828
2006-05-01,90.89376831054688
2006-05-02,91.5768814086914
2006-05-03,91.2353515625
2006-05-04,91.56291961669922
2006-05-05,92.37145233154297
2006-05-08,92.25997161865234
2006-05-09,92.4411849975586
2006-05-10,92.39241027832031
2006-05-11,91.2771224975586
2006-05-12,90.08522033691406
2006-05-15,90.26641845703125
2006-05-16,90.13397979736328
2006-05-17,88.41929626464844
2006-05-18,87.97318267822266
2006-05-19,88.59354400634766
2006-05-22,87.91740417480469
2006-05-23,87.24824523925781
2006-05-24,87.9453125
2006-05-25,89.03268432617188
2006-05-26,89.48576354980469
2006-05-30,87.8965072631836
2006-05-31,88.8792953491211
2006-06-01,89.7297134399414
2006-06-02,89.91793060302734
2006-06-05,88.60746765136719
2006-06-06,88.39138793945312
2006-06-07,87.72919464111328
2006-06-08,87.65251922607422
2006-06-09,87.37372589111328
2006-06-12,86.42574310302734
2006-06-13,85.42201232910156
2006-06-14,86.08419799804688
2006-06-15,87.91044616699219
2006-06-16,87.26981353759766
2006-06-19,86.58368682861328
2006-06-20,86.87777709960938
2006-06-21,87.52183532714844
2006-06-22,87.1368179321289
2006-06-23,87.12278747558594
2006-06-26,87.50785827636719
2006-06-27,86.7517318725586
2006-06-28,87.33983612060547
2006-06-29,89.1041259765625
2006-06-30,89.11113739013672
2006-07-03,89.47520446777344
2006-07-05,88.96414947509766
2006-07-06,89.22315979003906
2006-07-07,88.64203643798828
2006-07-10,88.81009674072266
2006-07-11,89.20216369628906
2006-07-12,88.25001525878906
2006-07-13,86.81475830078125
2006-07-14,86.47872924804688
2006-07-17,86.3526840209961
2006-07-18,86.79374694824219
2006-07-19,87.99796295166016
2006-07-20,87.39586639404297
2006-07-21,86.77975463867188
2006-07-24,88.36205291748047
2006-07-25,88.67705535888672
2006-07-26,88.79608154296875
2006-07-27,88.7120590209961
2006-07-28,89.60123443603516
2006-07-31,89.51022338867188
2006-08-01,89.06913757324219
2006-08-02,89.67124938964844
2006-08-03,89.90928649902344
2006-08-04,89.7552490234375
2006-08-07,89.54523468017578
2006-08-08,89.20216369628906
2006-08-09,88.90111541748047
2006-08-10,89.1741714477539
2006-08-11,88.922119140625
2006-08-14,88.99211883544922
2006-08-15,90.05630493164062
2006-08-16,90.805419921875
2006-08-17,91.03645324707031
2006-08-18,91.49857330322266
2006-08-21,91.1064682006836
2006-08-22,91.09944915771484
2006-08-23,90.84745788574219
2006-08-24,90.7703857421875
2006-08-25,90.88246154785156
2006-08-28,91.31651306152344
2006-08-29,91.4215316772461
2006-08-30,91.47754669189453
2006-08-31,91.46356201171875
2006-09-01,92.00962829589844
2006-09-05,92.18464660644531
2006-09-06,91.37251281738281
2006-09-07,90.95244598388672
2006-09-08,91.21149444580078
2006-09-11,91.30253601074219
2006-09-12,92.19864654541016
2006-09-13,92.56971740722656
2006-09-14,92.57673645019531
2006-09-15,92.79403686523438
2006-09-18,92.92061614990234
2006-09-19,92.68852996826172
2006-09-20,93.1807861328125
2006-09-21,92.73072052001953
2006-09-22,92.449462890625
2006-09-25,93.1596908569336
2006-09-26,93.93316650390625
2006-09-27,94.04573059082031
2006-09-28,94.01053619384766
2006-09-29,93.93316650390625
2006-10-02,93.58158874511719
2006-10-03,93.77848052978516
2006-10-04,94.87547302246094
2006-10-05,95.05831146240234
2006-10-06,94.9387435913086
2006-10-09,94.99503326416016
2006-10-10,95.12165069580078
2006-10-11,95.00909423828125
2006-10-12,95.83184051513672
2006-10-13,96.0780029296875
2006-10-16,96.22557830810547
2006-10-17,95.9232406616211
2006-10-18,96.04981231689453
2006-10-19,96.20455169677734
2006-10-20,96.22557830810547
2006-10-23,96.66862487792969
2006-10-24,96.95693969726562
2006-10-25,97.28744506835938
2006-10-26,97.58983612060547
2006-10-27,96.97801208496094
2006-10-30,96.9077377319336
2006-10-31,96.89368438720703
2006-11-01,96.23970794677734
2006-11-02,96.18343353271484
2006-11-03,96.0146484375
2006-11-06,97.09757995605469
2006-11-07,97.47027587890625
2006-11-08,97.68126678466797
2006-11-09,97.16792297363281
2006-11-10,97.2101058959961
2006-11-13,97.44918823242188
2006-11-14,98.18052673339844
2006-11-15,98.4617919921875
2006-11-16,98.71492767333984
2006-11-17,98.74308013916016
2006-11-20,98.7992935180664
2006-11-21,98.89779663085938
2006-11-22,99.09469604492188
2006-11-24,98.69386291503906
2006-11-27,97.33668518066406
2006-11-28,97.75861358642578
2006-11-29,98.77825164794922
2006-11-30,98.8204116821289
2006-12-01,98.60244750976562
2006-12-04,99.3548812866211
2006-12-05,99.78376770019531
2006-12-06,99.69942474365234
2006-12-07,99.2634048461914
2006-12-08,99.4462661743164
2006-12-11,99.73460388183594
2006-12-12,99.65721130371094
2006-12-13,99.7626953125
2006-12-14,100.64167022705078
2006-12-15,100.6509017944336
2006-12-18,100.37515258789062
2006-12-19,100.56605529785156
2006-12-20,100.5094985961914
2006-12-21,100.14175415039062
2006-12-22,99.5265884399414
2006-12-26,100.11347961425781
2006-12-27,100.77111053466797
2006-12-28,100.5589828491211
2006-12-29,100.14175415039062
2007-01-03,99.96499633789062
2007-01-04,100.17715454101562
2007-01-05,99.37808227539062
2007-01-08,99.8377456665039
2007-01-09,99.75286102294922
2007-01-10,100.08518981933594
2007-01-11,100.52364349365234
2007-01-12,101.28729248046875
2007-01-16,101.08931732177734
2007-01-17,101.1317367553711
2007-01-18,100.79226684570312
2007-01-19,100.99031829833984
2007-01-22,100.67920684814453
2007-01-23,100.97613525390625
2007-01-24,101.78933715820312
2007-01-25,100.5943374633789
2007-01-26,100.50240325927734
2007-01-29,100.44584655761719
2007-01-30,100.96910858154297
2007-01-31,101.64788818359375
2007-02-01,102.25605773925781
2007-02-02,102.39747619628906
2007-02-05,102.42573547363281
2007-02-06,102.45409393310547
2007-02-07,102.68035888671875
2007-02-08,102.54598236083984
2007-02-09,101.78227996826172
2007-02-12,101.43579864501953
2007-02-13,102.2914047241211
2007-02-14,102.96315002441406
2007-02-15,103.0975341796875
2007-02-16,103.04802703857422
2007-02-20,103.2672348022461
2007-02-21,103.22476959228516
2007-02-22,103.14696502685547
2007-02-23,102.74397277832031
2007-02-26,102.65204620361328
2007-02-27,98.64269256591797
2007-02-28,99.65392303466797
2007-03-01,99.35684967041016
2007-03-02,98.0557861328125
2007-03-05,97.12238311767578
2007-03-06,98.78408813476562
2007-03-07,98.68511199951172
2007-03-08,99.51949310302734
2007-03-09,99.54778289794922
2007-03-12,99.69630432128906
2007-03-13,97.75879669189453
2007-03-14,98.48712158203125
2007-03-15,98.62149047851562
2007-03-16,98.34529113769531
2007-03-19,99.53087615966797
2007-03-20,100.07755279541016
2007-03-21,101.72454071044922
2007-03-22,101.64641571044922
2007-03-23,101.79553985595703
2007-03-26,101.66063690185547
2007-03-27,101.41927337646484
2007-03-28,100.68096923828125
2007-03-29,100.7874526977539
2007-03-30,100.80870056152344
2007-04-02,100.9223403930664
2007-04-03,102.00852966308594
2007-04-04,102.1220932006836
2007-04-05,102.39899444580078
2007-04-09,102.54092407226562
2007-04-10,102.66162872314453
2007-04-11,102.24278259277344
2007-04-12,102.69711303710938
2007-04-13,103.16569519042969
2007-04-16,104.14535522460938
2007-04-17,104.42225646972656
2007-04-18,104.55001831054688
2007-04-19,104.5216293334961
2007-04-20,105.50843811035156
2007-04-23,105.11082458496094
2007-04-24,105.15345764160156
2007-04-25,106.11890411376953
2007-04-26,106.23957824707031
2007-04-27,106.15443420410156
2007-04-30,105.2741470336914
2007-05-01,105.5439224243164
2007-05-02,106.16151428222656
2007-05-03,106.73657989501953
2007-05-04,107.14125061035156
2007-05-07,107.16253662109375
2007-05-08,107.02053833007812
2007-05-09,107.31163787841797
2007-05-10,106.18994903564453
2007-05-11,107.09862518310547
2007-05-14,106.86436462402344
2007-05-15,106.89276885986328
2007-05-16,107.6240234375
2007-05-17,107.41102600097656
2007-05-18,108.34808349609375
2007-05-21,108.29135131835938
2007-05-22,108.2060775756836
2007-05-23,108.22029876708984
2007-05-24,107.24063110351562
2007-05-25,107.68791961669922
2007-05-29,108.07833099365234
2007-05-30,108.95858764648438
2007-05-31,108.84503936767578
2007-06-01,109.38458251953125
2007-06-04,109.3988037109375
2007-06-05,108.96575927734375
2007-06-06,107.79435729980469
2007-06-07,105.84917449951172
2007-06-08,107.22645568847656
2007-06-11,107.41102600097656
2007-06-12,106.23957824707031
2007-06-13,107.82981872558594
2007-06-14,108.51849365234375
2007-06-15,109.13594818115234
2007-06-18,109.00759887695312
2007-06-19,109.278564453125
2007-06-20,107.75984191894531
2007-06-21,108.3587646484375
2007-06-22,107.33919525146484
2007-06-25,106.82588195800781
2007-06-26,105.72787475585938
2007-06-27,107.23223114013672
2007-06-28,107.21802520751953
2007-06-29,107.25365447998047
2007-07-02,108.22328186035156
2007-07-03,108.61543273925781
2007-07-05,108.50135803222656
2007-07-06,109.0718002319336
2007-07-09,109.15731811523438
2007-07-10,107.60301971435547
2007-07-11,108.36592864990234
2007-07-12,110.07706451416016
2007-07-13,110.405029296875
2007-07-16,110.3907470703125
2007-07-17,110.3337631225586
2007-07-18,110.13404846191406
2007-07-19,110.56187438964844
2007-07-20,109.44253540039062
2007-07-23,109.77759552001953
2007-07-24,107.87396240234375
2007-07-25,108.09498596191406
2007-07-26,105.53534698486328
2007-07-27,103.46060943603516
2007-07-30,105.07907104492188
2007-07-31,103.89556884765625
2007-08-01,104.40178680419922
2007-08-02,105.23594665527344
2007-08-03,102.526611328125
2007-08-06,104.24491882324219
2007-08-07,105.35713958740234
2007-08-08,106.82588195800781
2007-08-09,103.66020965576172
2007-08-10,103.17540740966797
2007-08-13,103.54617309570312
2007-08-14,101.96332550048828
2007-08-15,100.55877685546875
2007-08-16,101.31452941894531
2007-08-17,103.17540740966797
2007-08-20,103.12547302246094
2007-08-21,103.3322525024414
2007-08-22,104.55854797363281
2007-08-23,104.46592712402344
2007-08-24,105.75640106201172
2007-08-27,104.77251434326172
2007-08-28,102.46957397460938
2007-08-29,104.48013305664062
2007-08-30,104.20208740234375
2007-08-31,105.22876739501953
2007-09-04,106.2911376953125
2007-09-05,105.37137603759766
2007-09-06,105.61378479003906
2007-09-07,104.14501953125
2007-09-10,103.94540405273438
2007-09-11,105.15754699707031
2007-09-12,105.42842102050781
2007-09-13,106.16992950439453
2007-09-14,106.16280364990234
2007-09-17,105.5924072265625
2007-09-18,108.70098876953125
2007-09-19,109.34269714355469
2007-09-20,108.5727310180664
2007-09-21,108.86568450927734
2007-09-24,108.66510772705078
2007-09-25,108.45018768310547
2007-09-26,109.02327728271484
2007-09-27,109.66799926757812
2007-09-28,109.30265808105469
2007-10-01,110.53477478027344
2007-10-02,110.38432312011719
2007-10-03,110.1622543334961
2007-10-04,110.334228515625
2007-10-05,111.64514923095703
2007-10-08,111.05057525634766
2007-10-09,112.09646606445312
2007-10-10,111.91019439697266
2007-10-11,111.37298583984375
2007-10-12,111.98896026611328
2007-10-15,111.04341888427734
2007-10-16,110.1622543334961
2007-10-17,110.49894714355469
2007-10-18,110.09778594970703
2007-10-19,107.21805572509766
2007-10-22,107.84126281738281
2007-10-23,108.71517944335938
2007-10-24,108.51460266113281
2007-10-25,108.77253723144531
2007-10-26,110.04766845703125
2007-10-29,110.41299438476562
2007-10-30,109.64653015136719
2007-10-31,110.78553009033203
2007-11-01,108.19229125976562
2007-11-02,108.31407928466797
2007-11-05,107.49024963378906
2007-11-06,108.93729400634766
2007-11-07,105.95722961425781
2007-11-08,105.41992950439453
2007-11-09,103.9729232788086
2007-11-12,102.94133758544922
2007-11-13,106.07901763916016
2007-11-14,105.78529357910156
2007-11-15,104.25946807861328
2007-11-16,104.43852996826172
2007-11-19,102.98432159423828
2007-11-20,103.61470794677734
2007-11-21,101.49432373046875
2007-11-23,103.24939727783203
2007-11-26,100.9713363647461
2007-11-27,102.13184356689453
2007-11-28,105.39842987060547
2007-11-29,105.43427276611328
2007-11-30,106.49449920654297
2007-12-03,105.79247283935547
2007-12-04,104.84689331054688
2007-12-05,106.60196685791016
2007-12-06,108.1278076171875
2007-12-07,108.1063461303711
2007-12-10,108.94445037841797
2007-12-11,105.95722961425781
2007-12-12,107.00308990478516
2007-12-13,106.78106689453125
2007-12-14,105.42716979980469
2007-12-17,103.92280578613281
2007-12-18,104.50300598144531
2007-12-19,104.50300598144531
2007-12-20,105.16202545166016
2007-12-21,106.67803955078125
2007-12-24,107.47022247314453
2007-12-26,107.70064544677734
2007-12-27,106.34671783447266
2007-12-28,106.08026885986328
2007-12-31,105.29534912109375
2008-01-02,104.37348937988281
2008-01-03,104.32307434082031
2008-01-04,101.76651763916016
2008-01-07,101.6800765991211
2008-01-08,100.03807830810547
2008-01-09,101.08953857421875
2008-01-10,101.7520751953125
2008-01-11,100.93106842041016
2008-01-14,101.74488067626953
2008-01-15,99.50516510009766
2008-01-16,98.6481704711914
2008-01-17,96.09158325195312
2008-01-18,95.10497283935547
2008-01-22,94.13992309570312
2008-01-23,96.40125274658203
2008-01-24,97.21504211425781
2008-01-25,95.81072998046875
2008-01-28,97.3951187133789
2008-01-29,97.87757110595703
2008-01-30,97.15746307373047
2008-01-31,98.92904663085938
2008-02-01,100.52059173583984
2008-02-04,99.25310516357422
2008-02-05,96.59571075439453
2008-02-06,95.81793975830078
2008-02-07,96.45166015625
2008-02-08,95.83232879638672
2008-02-11,96.3220443725586
2008-02-12,97.21504211425781
2008-02-13,98.2088851928711
2008-02-14,97.34469604492188
2008-02-15,97.32306671142578
2008-02-19,97.59674072265625
2008-02-20,97.8847885131836
2008-02-21,97.07099151611328
2008-02-22,97.66873168945312
2008-02-25,98.90023803710938
2008-02-26,99.64198303222656
2008-02-27,99.54118347167969
2008-02-28,98.56890869140625
2008-02-29,96.37250518798828
2008-03-03,96.14200592041016
2008-03-04,95.77474975585938
2008-03-05,96.37964630126953
2008-03-06,94.38484954833984
2008-03-07,93.41261291503906
2008-03-10,92.18111419677734
2008-03-11,95.49385070800781
2008-03-12,94.6008529663086
2008-03-13,94.80963897705078
2008-03-14,93.34056091308594
2008-03-17,92.39714813232422
2008-03-18,96.2356185913086
2008-03-19,93.85189056396484
2008-03-20,95.59027862548828
2008-03-24,97.50092315673828
2008-03-25,97.59500885009766
2008-03-26,96.4008560180664
2008-03-27,96.09689331054688
2008-03-28,95.17778015136719
2008-03-31,95.51069641113281
2008-04-01,98.86881256103516
2008-04-02,98.93389129638672
2008-04-03,99.17996215820312
2008-04-04,99.0714111328125
2008-04-07,99.12211608886719
2008-04-08,99.02075958251953
2008-04-09,98.30425262451172
2008-04-10,98.44176483154297
2008-04-11,96.53114318847656
2008-04-14,96.20542907714844
2008-04-15,96.42979431152344
2008-04-16,99.04247283935547
2008-04-17,99.18724822998047
2008-04-18,100.22216033935547
2008-04-21,100.27283477783203
2008-04-22,99.8313217163086
2008-04-23,99.67212677001953
2008-04-24,100.10638427734375
2008-04-25,101.03275299072266
2008-04-28,101.05448150634766
2008-04-29,100.65636444091797
2008-04-30,100.06294250488281
2008-05-01,102.13279724121094
2008-05-02,102.41502380371094
2008-05-05,101.92289733886719
2008-05-06,102.80583953857422
2008-05-07,100.9748306274414
2008-05-08,100.71427154541016
2008-05-09,100.52609252929688
2008-05-12,101.65515899658203
2008-05-13,101.66959381103516
2008-05-14,101.87948608398438
2008-05-15,103.1532974243164
2008-05-16,103.24735260009766
2008-05-19,103.52958679199219
2008-05-20,102.69004821777344
2008-05-21,100.953125
2008-05-22,100.96762084960938
2008-05-23,99.61419677734375
2008-05-27,100.35240173339844
2008-05-28,100.81561279296875
2008-05-29,101.32218170166016
2008-05-30,101.5755615234375
2008-06-02,100.52609252929688
2008-06-03,99.93990325927734
2008-06-04,99.88927459716797
2008-06-05,101.88671875
2008-06-06,98.63716125488281
2008-06-09,98.87601470947266
2008-06-10,98.3838882446289
2008-06-11,96.93640899658203
2008-06-12,97.3055191040039
2008-06-13,98.53585815429688
2008-06-16,98.5937728881836
2008-06-17,98.11611938476562
2008-06-18,97.16078186035156
2008-06-19,97.28378295898438
2008-06-20,95.7047348022461
2008-06-23,95.61016845703125
2008-06-24,95.42107391357422
2008-06-25,95.87203979492188
2008-06-26,93.2680892944336
2008-06-27,92.75900268554688
2008-06-30,93.08629608154297
2008-07-01,93.37718963623047
2008-07-02,91.77704620361328
2008-07-03,91.87159729003906
2008-07-07,90.93329620361328
2008-07-08,92.54803466796875
2008-07-09,90.76603698730469
2008-07-10,91.1369857788086
2008-07-11,90.07504272460938
2008-07-14,89.26039123535156
2008-07-15,88.00206756591797
2008-07-16,90.16232299804688
2008-07-17,91.06421661376953
2008-07-18,91.631591796875
2008-07-21,91.6825180053711
2008-07-22,92.72262573242188
2008-07-23,93.22444152832031
2008-07-24,91.28970336914062
2008-07-25,91.26789855957031
2008-07-28,89.92955780029297
2008-07-29,91.84977722167969
2008-07-30,93.48629760742188
2008-07-31,92.24983215332031
2008-08-01,91.76253509521484
2008-08-04,90.91148376464844
2008-08-05,93.3626708984375
2008-08-06,93.77725982666016
2008-08-07,92.38072204589844
2008-08-08,94.09728240966797
2008-08-11,95.07195281982422
2008-08-12,94.0827407836914
2008-08-13,93.51541137695312
2008-08-14,94.22090148925781
2008-08-15,94.6791763305664
2008-08-18,93.38448333740234
2008-08-19,92.36620330810547
2008-08-20,92.7953109741211
2008-08-21,92.95536041259766
2008-08-22,94.3009262084961
2008-08-25,92.38799285888672
2008-08-26,92.65713500976562
2008-08-27,93.55904388427734
2008-08-28,94.69371795654297
2008-08-29,93.67542266845703
2008-09-02,93.09354400634766
2008-09-03,93.01355743408203
2008-09-04,90.21319580078125
2008-09-05,90.49687957763672
2008-09-08,92.36620330810547
2008-09-09,89.62409973144531
2008-09-10,89.98774719238281
2008-09-11,91.28970336914062
2008-09-12,91.71158599853516
2008-09-15,87.34748077392578
2008-09-16,88.80946350097656
2008-09-17,84.81631469726562
2008-09-18,87.33293151855469
2008-09-19,90.80126190185547
2008-09-22,88.74555969238281
2008-09-23,86.72647094726562
2008-09-24,87.00445556640625
2008-09-25,88.3651351928711
2008-09-26,88.4090347290039
2008-09-29,81.48117065429688
2008-09-30,84.85366821289062
2008-10-01,84.9048843383789
2008-10-02,81.8249740600586
2008-10-03,80.72037506103516
2008-10-06,76.6089859008789
2008-10-07,73.1779556274414
2008-10-08,71.33444213867188
2008-10-09,66.35250091552734
2008-10-10,64.74310302734375
2008-10-13,74.14360809326172
2008-10-14,73.04627990722656
2008-10-15,65.85504150390625
2008-10-16,68.5984115600586
2008-10-17,68.188720703125
2008-10-20,72.28546142578125
2008-10-21,70.12734985351562
2008-10-22,66.30860900878906
2008-10-23,67.07676696777344
2008-10-24,63.675018310546875
2008-10-27,61.41446304321289
2008-10-28,68.59109497070312
2008-10-29,68.0936508178711
2008-10-30,70.44924926757812
2008-10-31,70.83696746826172
2008-11-03,71.04183197021484
2008-11-04,73.45598602294922
2008-11-05,70.3687973022461
2008-11-06,66.46955108642578
2008-11-07,68.66422271728516
2008-11-10,67.76445770263672
2008-11-11,65.67217254638672
2008-11-12,62.7824821472168
2008-11-13,66.69634246826172
2008-11-14,63.36775207519531
2008-11-17,62.52643585205078
2008-11-18,63.70428466796875
2008-11-19,59.62215805053711
2008-11-20,55.19618225097656
2008-11-21,58.173683166503906
2008-11-24,62.204559326171875
2008-11-25,62.66545104980469
2008-11-26,65.08692169189453
2008-11-28,65.90628051757812
2008-12-01,60.06842041015625
2008-12-02,62.380130767822266
2008-12-03,63.87982177734375
2008-12-04,62.40208053588867
2008-12-05,64.32610321044922
2008-12-08,66.5719985961914
2008-12-09,65.47463989257812
2008-12-10,65.9209213256836
2008-12-11,64.33340454101562
2008-12-12,65.10157012939453
2008-12-15,64.19441223144531
2008-12-16,67.21574401855469
2008-12-17,66.56465911865234
2008-12-18,65.32098388671875
2008-12-19,65.04002380371094
2008-12-22,64.20663452148438
2008-12-23,63.54289245605469
2008-12-24,63.91164016723633
2008-12-26,64.28040313720703
2008-12-29,64.0960464477539
2008-12-30,65.61528778076172
2008-12-31,66.55189514160156
2009-01-02,68.5578842163086
2009-01-05,68.47679138183594
2009-01-06,68.93399810791016
2009-01-07,66.86902618408203
2009-01-08,67.14189910888672
2009-01-09,65.70375061035156
2009-01-12,64.1255111694336
2009-01-13,64.2435073852539
2009-01-14,62.222782135009766
2009-01-15,62.24488067626953
2009-01-16,62.73164749145508
2009-01-20,59.420284271240234
2009-01-21,61.98677444458008
2009-01-22,61.02801513671875
2009-01-23,61.293556213378906
2009-01-26,61.71390151977539
2009-01-27,62.340782165527344
2009-01-28,64.45003509521484
2009-01-29,62.35551071166992
2009-01-30,61.08701705932617
2009-02-02,60.90264129638672
2009-02-03,61.75811767578125
2009-02-04,61.455780029296875
2009-02-05,62.37025833129883
2009-02-06,64.1476821899414
2009-02-09,64.23614501953125
2009-02-10,61.293556213378906
2009-02-11,61.654884338378906
2009-02-12,61.69917678833008
2009-02-13,61.035404205322266
2009-02-17,58.424659729003906
2009-02-18,58.284523010253906
2009-02-19,57.657684326171875
2009-02-20,57.097145080566406
2009-02-23,55.05430603027344
2009-02-24,57.14142990112305
2009-02-25,56.691551208496094
2009-02-26,55.76967239379883
2009-02-27,54.52330017089844
2009-03-02,52.06743240356445
2009-03-03,51.67654037475586
2009-03-04,52.900787353515625
2009-03-05,50.73992156982422
2009-03-06,50.828426361083984
2009-03-09,50.231056213378906
2009-03-10,53.22528839111328
2009-03-11,53.57191848754883
2009-03-12,55.68115997314453
2009-03-13,56.11627960205078
2009-03-16,55.94668197631836
2009-03-17,57.657684326171875
2009-03-18,58.94827651977539
2009-03-19,58.218177795410156
2009-03-20,56.97846984863281
2009-03-23,61.0711555480957
2009-03-24,59.867881774902344
2009-03-25,60.499210357666016
2009-03-26,61.73225784301758
2009-03-27,60.618064880371094
2009-03-30,58.52344512939453
2009-03-31,59.065677642822266
2009-04-01,60.209529876708984
2009-04-02,61.96993637084961
2009-04-03,62.58643341064453
2009-04-06,62.09617233276367
2009-04-07,60.64778518676758
2009-04-08,61.3014030456543
2009-04-09,63.73771667480469
2009-04-13,63.75259780883789
2009-04-14,62.65327072143555
2009-04-15,63.32178497314453
2009-04-16,64.25022888183594
2009-04-17,64.68107604980469
2009-04-20,61.96993637084961
2009-04-21,63.18065643310547
2009-04-22,62.79441452026367
2009-04-23,63.41090393066406
2009-04-24,64.36907958984375
2009-04-27,63.76002883911133
2009-04-28,63.559452056884766
2009-04-29,64.91134643554688
2009-04-30,64.93363189697266
2009-05-01,65.28271484375
2009-05-04,67.50362396240234
2009-05-05,67.27338409423828
2009-05-06,68.43949890136719
2009-05-07,67.4887466430664
2009-05-08,69.06343841552734
2009-05-11,67.77103424072266
2009-05-12,67.5704574584961
2009-05-13,65.8695068359375
2009-05-14,66.43404388427734
2009-05-15,65.89179992675781
2009-05-18,67.76361846923828
2009-05-19,67.68189239501953
2009-05-20,67.22880554199219
2009-05-21,66.26318359375
2009-05-22,66.1220703125
2009-05-26,67.81556701660156
2009-05-27,66.60485076904297
2009-05-28,67.5333251953125
2009-05-29,68.72920989990234
2009-06-01,70.39302062988281
2009-06-02,70.45245361328125
2009-06-03,69.5611343383789
2009-06-04,70.21475219726562
2009-06-05,70.22962188720703
2009-06-08,69.93993377685547
2009-06-09,70.29645538330078
2009-06-10,70.1181869506836
2009-06-11,70.4301528930664
2009-06-12,70.62329864501953
2009-06-15,69.0040283203125
2009-06-16,68.0681381225586
2009-06-17,68.00128173828125
2009-06-18,68.49895477294922
2009-06-19,68.75141143798828
2009-06-22,66.6897964477539
2009-06-23,66.74205017089844
2009-06-24,67.31723022460938
2009-06-25,68.78128051757812
2009-06-26,68.60199737548828
2009-06-29,69.24441528320312
2009-06-30,68.68418884277344
2009-07-01,68.96807861328125
2009-07-02,67.08567810058594
2009-07-06,67.07821655273438
2009-07-07,65.77848815917969
2009-07-08,65.7336654663086
2009-07-09,65.86063385009766
2009-07-10,65.70372772216797
2009-07-13,67.30228424072266
2009-07-14,67.68324279785156
2009-07-15,69.6627197265625
2009-07-16,69.55066680908203
2009-07-17,70.31256866455078
2009-07-20,71.0595932006836
2009-07-21,71.38826751708984
2009-07-22,71.373291015625
2009-07-23,72.94940948486328
2009-07-24,73.24822235107422
2009-07-27,73.46479797363281
2009-07-28,73.12120056152344
2009-07-29,72.94196319580078
2009-07-30,73.703857421875
2009-07-31,73.80842590332031
2009-08-03,75.02600860595703
2009-08-04,75.2201919555664
2009-08-05,75.00358581542969
2009-08-06,74.61515045166016
2009-08-07,75.59371185302734
2009-08-10,75.43682098388672
2009-08-11,74.49564361572266
2009-08-12,75.29490661621094
2009-08-13,75.87007141113281
2009-08-14,75.28743743896484
2009-08-17,73.43494415283203
2009-08-18,74.01757049560547
2009-08-19,74.66746520996094
2009-08-20,75.43682098388672
2009-08-21,76.91584777832031
2009-08-24,76.90837097167969
2009-08-25,77.05774688720703
2009-08-26,77.06520080566406
2009-08-27,77.23700714111328
2009-08-28,77.22211456298828
2009-08-31,76.534912109375
2009-09-01,74.84675598144531
2009-09-02,74.5628662109375
2009-09-03,75.182861328125
2009-09-04,76.23609161376953
2009-09-08,76.8934555053711
2009-09-09,77.48355865478516
2009-09-10,78.27534484863281
2009-09-11,78.26038360595703
2009-09-14,78.64136505126953
2009-09-15,78.97000122070312
2009-09-16,80.16517639160156
2009-09-17,80.0456771850586
2009-09-18,80.0967025756836
2009-09-21,79.89404296875
2009-09-22,80.35938262939453
2009-09-23,79.69142150878906
2009-09-24,78.81328582763672
2009-09-25,78.39298248291016
2009-09-28,79.79649353027344
2009-09-29,79.55633544921875
2009-09-30,79.24861145019531
2009-10-01,77.2822036743164
2009-10-02,76.92192840576172
2009-10-05,78.07026672363281
2009-10-06,79.1885757446289
2009-10-07,79.40620422363281
2009-10-08,80.01412963867188
2009-10-09,80.50196838378906
2009-10-12,80.81719207763672
2009-10-13,80.65205383300781
2009-10-14,82.04055786132812
2009-10-15,82.34076690673828
2009-10-16,81.725341796875
2009-10-19,82.40084838867188
2009-10-20,81.96553039550781
2009-10-21,81.23003387451172
2009-10-22,82.05557250976562
2009-10-23,81.1174087524414
2009-10-26,80.23930358886719
2009-10-27,79.87153625488281
2009-10-28,78.36297607421875
2009-10-29,80.04415893554688
2009-10-30,77.72503662109375
2009-11-02,78.29541778564453
2009-11-03,78.5430908203125
2009-11-04,78.74573516845703
2009-11-05,80.19427490234375
2009-11-06,80.40440368652344
2009-11-09,82.23570251464844
2009-11-10,82.2507095336914
2009-11-11,82.6709976196289
2009-11-12,81.8304214477539
2009-11-13,82.27325439453125
2009-11-16,83.46659088134766
2009-11-17,83.56417846679688
2009-11-18,83.51158142089844
2009-11-19,82.42333221435547
2009-11-20,82.1306381225586
2009-11-23,83.1738510131836
2009-11-24,83.30147552490234
2009-11-25,83.59416961669922
2009-11-27,82.23570251464844
2009-11-30,82.51338958740234
2009-12-01,83.53409576416016
2009-12-02,83.4966049194336
2009-12-03,82.8436279296875
2009-12-04,83.31649017333984
2009-12-07,83.18888854980469
2009-12-08,82.26573181152344
2009-12-09,82.57344055175781
2009-12-10,83.03881072998047
2009-12-11,83.39151763916016
2009-12-14,83.9619369506836
2009-12-15,83.5716323852539
2009-12-16,83.69922637939453
2009-12-17,82.69351959228516
2009-12-18,83.16136169433594
2009-12-21,84.00650787353516
2009-12-22,84.30830383300781
2009-12-23,84.4743423461914
2009-12-24,84.87422180175781
2009-12-28,85.05534362792969
2009-12-29,84.93460845947266
2009-12-30,84.90441131591797
2009-12-31,84.08951568603516
2010-01-04,85.5156478881836
2010-01-05,85.74201202392578
2010-01-06,85.8023681640625
2010-01-07,86.1645736694336
2010-01-08,86.45130157470703
2010-01-11,86.572021484375
2010-01-12,85.76465606689453
2010-01-13,86.48904418945312
2010-01-14,86.72294616699219
2010-01-15,85.74956512451172
2010-01-19,86.82102966308594
2010-01-20,85.93817138671875
2010-01-21,84.28569030761719
2010-01-22,82.40681457519531
2010-01-25,82.82935333251953
2010-01-26,82.48223876953125
2010-01-27,82.87461853027344
2010-01-28,81.9238510131836
2010-01-29,81.03351593017578
2010-02-01,82.2936019897461
2010-02-02,83.28964233398438
2010-02-03,82.87461853027344
2010-02-04,80.31664276123047
2010-02-05,80.48265075683594
2010-02-08,79.90159606933594
2010-02-09,80.90520477294922
2010-02-10,80.7467269897461
2010-02-11,81.59185791015625
2010-02-12,81.52396392822266
2010-02-16,82.80672454833984
2010-02-17,83.1990966796875
2010-02-18,83.68958282470703
2010-02-19,83.86312103271484
2010-02-22,83.87822723388672
2010-02-23,82.85955047607422
2010-02-24,83.62164306640625
2010-02-25,83.5084457397461
2010-02-26,83.56129455566406
2010-03-01,84.42906188964844
2010-03-02,84.66294860839844
2010-03-03,84.7384262084961
2010-03-04,84.99497985839844
2010-03-05,86.20982360839844
2010-03-08,86.22492218017578
2010-03-09,86.36827850341797
2010-03-10,86.75313568115234
2010-03-11,87.11532592773438
2010-03-12,87.12285614013672
2010-03-15,87.14552307128906
2010-03-16,87.8397216796875
2010-03-17,88.36035919189453
2010-03-18,88.31507110595703
2010-03-19,87.86805725097656
2010-03-22,88.33779907226562
2010-03-23,88.9591064453125
2010-03-24,88.5272216796875
2010-03-25,88.38330841064453
2010-03-26,88.33027648925781
2010-03-29,88.8909683227539
2010-03-30,88.95155334472656
2010-03-31,88.64848327636719
2010-04-01,89.2546157836914
2010-04-05,89.98198699951172
2010-04-06,90.1941146850586
2010-04-07,89.67889404296875
2010-04-08,89.98955535888672
2010-04-09,90.58055114746094
2010-04-12,90.7245101928711
2010-04-13,90.79269409179688
2010-04-14,91.82316589355469
2010-04-15,91.89891815185547
2010-04-16,90.43657684326172
2010-04-19,90.77758026123047
2010-04-20,91.58826446533203
2010-04-21,91.42156219482422
2010-04-22,91.69432067871094
2010-04-23,92.29289245605469
2010-04-26,91.94436645507812
2010-04-27,89.76986694335938
2010-04-28,90.4517593383789
2010-04-29,91.5731430053711
2010-04-30,90.01986694335938
2010-05-03,91.18669891357422
2010-05-04,89.04246520996094
2010-05-05,88.51211547851562
2010-05-06,85.57229614257812
2010-05-07,84.29940795898438
2010-05-10,88.01203155517578
2010-05-11,87.76197814941406
2010-05-12,88.98943328857422
2010-05-13,87.88324737548828
2010-05-14,86.29208374023438
2010-05-17,86.3375473022461
2010-05-18,85.16313934326172
2010-05-19,84.67821502685547
2010-05-20,81.48081970214844
2010-05-21,82.67037963867188
2010-05-24,81.609619140625
2010-05-25,81.69298553466797
2010-05-26,81.20049285888672
2010-05-27,83.92054748535156
2010-05-28,82.86738586425781
2010-06-01,81.4732666015625
2010-06-02,83.59475708007812
2010-06-03,83.8826675415039
2010-06-04,80.93527221679688
2010-06-07,79.92759704589844
2010-06-08,80.78376007080078
2010-06-09,80.35189819335938
2010-06-10,82.70068359375
2010-06-11,83.1022720336914
2010-06-14,82.97344207763672
2010-06-15,84.86009979248047
2010-06-16,84.82975769042969
2010-06-17,84.96614837646484
2010-06-18,85.0582504272461
2010-06-21,84.81465911865234
2010-06-22,83.41389465332031
2010-06-23,83.1550521850586
2010-06-24,81.77714538574219
2010-06-25,82.11972045898438
2010-06-28,81.86087799072266
2010-06-29,79.33343505859375
2010-06-30,78.57977294921875
2010-07-01,78.22956848144531
2010-07-02,77.80322265625
2010-07-06,78.31327056884766
2010-07-07,80.77985382080078
2010-07-08,81.57920837402344
2010-07-09,82.18824005126953
2010-07-12,82.24151611328125
2010-07-13,83.48239135742188
2010-07-14,83.47479248046875
2010-07-15,83.4976577758789
2010-07-16,81.19856262207031
2010-07-19,81.67815399169922
2010-07-20,82.58409118652344
2010-07-21,81.51068115234375
2010-07-22,83.33014678955078
2010-07-23,84.05337524414062
2010-07-26,84.92884063720703
2010-07-27,84.92124938964844
2010-07-28,84.37310791015625
2010-07-29,83.96202087402344
2010-07-30,83.94679260253906
2010-08-02,85.84239196777344
2010-08-03,85.4312973022461
2010-08-04,86.00225830078125
2010-08-05,85.9109115600586
2010-08-06,85.56070709228516
2010-08-09,86.01750946044922
2010-08-10,85.55308532714844
2010-08-11,83.20833587646484
2010-08-12,82.69829559326172
2010-08-13,82.45468139648438
2010-08-16,82.4166030883789
2010-08-17,83.42910766601562
2010-08-18,83.58139038085938
2010-08-19,82.1273193359375
2010-08-20,81.86087799072266
2010-08-23,81.54875946044922
2010-08-24,80.33828735351562
2010-08-25,80.65043640136719
2010-08-26,80.10992431640625
2010-08-27,81.35081481933594
2010-08-30,80.17078399658203
2010-08-31,80.17078399658203
2010-09-01,82.56885528564453
2010-09-02,83.33777618408203
2010-09-03,84.41879272460938
2010-09-07,83.46720123291016
2010-09-08,84.05337524414062
2010-09-09,84.4416275024414
2010-09-10,84.8679428100586
2010-09-13,85.81194305419922
2010-09-14,85.75863647460938
2010-09-15,86.08601379394531
2010-09-16,86.06317138671875
2010-09-17,86.09529876708984
2010-09-20,87.41175079345703
2010-09-21,87.23570251464844
2010-09-22,86.80711364746094
2010-09-23,86.10295867919922
2010-09-24,87.87860107421875
2010-09-27,87.45764923095703
2010-09-28,87.76377868652344
2010-09-29,87.6107177734375
2010-09-30,87.35049438476562
2010-10-01,87.7178726196289
2010-10-04,87.05962371826172
2010-10-05,88.81236267089844
2010-10-06,88.8046875
2010-10-07,88.69754028320312
2010-10-08,89.19501495361328
2010-10-11,89.27920532226562
2010-10-12,89.55474090576172
2010-10-13,90.25117492675781
2010-10-14,89.89913940429688
2010-10-15,90.08280944824219
2010-10-18,90.5267333984375
2010-10-19,89.3404541015625
2010-10-20,90.21294403076172
2010-10-21,90.41194152832031
2010-10-22,90.580322265625
2010-10-25,90.84817504882812
2010-10-26,90.86349487304688
2010-10-27,90.603271484375
2010-10-28,90.61861419677734
2010-10-29,90.6874771118164
2010-11-01,90.71809387207031
2010-11-02,91.43751525878906
2010-11-03,91.80492401123047
2010-11-04,93.57286834716797
2010-11-05,93.92491912841797
2010-11-08,93.7489013671875
2010-11-09,93.07540893554688
2010-11-10,93.4504165649414
2010-11-11,93.09835052490234
2010-11-12,91.99622344970703
2010-11-15,91.86611938476562
2010-11-16,90.43490600585938
2010-11-17,90.4808349609375
2010-11-18,91.81254577636719
2010-11-19,92.06510162353516
2010-11-22,91.98859405517578
2010-11-23,90.6568374633789
2010-11-24,91.99622344970703
2010-11-26,90.92472076416016
2010-11-29,91.20025634765625
2010-11-30,90.6874771118164
2010-12-01,92.61619567871094
2010-12-02,93.80245971679688
2010-12-03,94.05501556396484
2010-12-06,93.95555114746094
2010-12-07,94.00911712646484
2010-12-08,94.3535385131836
2010-12-09,94.72091674804688
2010-12-10,95.27196502685547
2010-12-13,95.33320617675781
2010-12-14,95.41739654541016
2010-12-15,94.98116302490234
2010-12-16,95.53216552734375
2010-12-17,95.63451385498047
2010-12-20,95.86532592773438
2010-12-21,96.47315979003906
2010-12-22,96.773193359375
2010-12-23,96.63471221923828
2010-12-27,96.67321014404297
2010-12-28,96.81167602539062
2010-12-29,96.88093566894531
2010-12-30,96.72706604003906
2010-12-31,96.75018310546875
2011-01-03,97.75032043457031
2011-01-04,97.69650268554688
2011-01-05,98.20428466796875
2011-01-06,98.01193237304688
2011-01-07,97.81956481933594
2011-01-10,97.69650268554688
2011-01-11,98.0427017211914
2011-01-12,98.92750549316406
2011-01-13,98.76591491699219
2011-01-14,99.48143768310547
2011-01-18,99.65072631835938
2011-01-19,98.67356872558594
2011-01-20,98.54280853271484
2011-01-21,98.76591491699219
2011-01-24,99.32758331298828
2011-01-25,99.38141632080078
2011-01-26,99.76612091064453
2011-01-27,100.0123291015625
2011-01-28,98.26581573486328
2011-01-31,99.00442504882812
2011-02-01,100.58937072753906
2011-02-02,100.39703369140625
2011-02-03,100.6201400756836
2011-02-04,100.90480041503906
2011-02-07,101.53569793701172
2011-02-08,101.99736022949219
2011-02-09,101.76654052734375
2011-02-10,101.80502319335938
2011-02-11,102.41280364990234
2011-02-14,102.65902709960938
2011-02-15,102.33584594726562
2011-02-16,102.98214721679688
2011-02-17,103.28990936279297
2011-02-18,103.50534057617188
2011-02-22,101.42799377441406
2011-02-23,100.80480194091797
2011-02-24,100.73552703857422
2011-02-25,101.81268310546875
2011-02-28,102.44357299804688
2011-03-01,100.73552703857422
2011-03-02,100.95101165771484
2011-03-03,102.68977355957031
2011-03-04,101.92039489746094
2011-03-07,101.12022399902344
2011-03-08,102.0050277709961
2011-03-09,101.85883331298828
2011-03-10,99.9738540649414
2011-03-11,100.66627502441406
2011-03-14,100.05846405029297
2011-03-15,98.91209411621094
2011-03-16,97.08100891113281
2011-03-17,98.36582946777344
2011-03-18,98.72360229492188
2011-03-21,100.25359344482422
2011-03-22,99.9059066772461
2011-03-23,100.19178009033203
2011-03-24,101.14994049072266
2011-03-25,101.4591064453125
2011-03-28,101.21182250976562
2011-03-29,101.89179992675781
2011-03-30,102.59497833251953
2011-03-31,102.45584869384766
2011-04-01,102.88860321044922
2011-04-04,102.97361755371094
2011-04-05,102.9581527709961
2011-04-06,103.28268432617188
2011-04-07,103.01998138427734
2011-04-08,102.66452026367188
2011-04-11,102.35545349121094
2011-04-12,101.5904541015625
2011-04-13,101.58270263671875
2011-04-14,101.65997314453125
2011-04-15,102.03089904785156
2011-04-18,100.88726806640625
2011-04-19,101.46676635742188
2011-04-20,102.84996795654297
2011-04-21,103.37543487548828
2011-04-25,103.26728057861328
2011-04-26,104.1558837890625
2011-04-27,104.8359146118164
2011-04-28,105.1758804321289
2011-04-29,105.42316436767578
2011-05-02,105.26087188720703
2011-05-03,104.88224029541016
2011-05-04,104.18678283691406
2011-05-05,103.24405670166016
2011-05-06,103.69998168945312
2011-05-09,104.10179901123047
2011-05-10,104.99044036865234
2011-05-11,103.88545989990234
2011-05-12,104.37998962402344
2011-05-13,103.57632446289062
2011-05-16,102.9195327758789
2011-05-17,102.904052734375
2011-05-18,103.8236312866211
2011-05-19,104.07089233398438
2011-05-20,103.24405670166016
2011-05-23,102.04637145996094
2011-05-24,101.9613265991211
2011-05-25,102.30132293701172
2011-05-26,102.7726821899414
2011-05-27,103.1667709350586
2011-05-31,104.24087524414062
2011-06-01,101.8995132446289
2011-06-02,101.79132843017578
2011-06-03,100.7790756225586
2011-06-06,99.71269226074219
2011-06-07,99.65089416503906
2011-06-08,99.2336196899414
2011-06-09,99.99087524414062
2011-06-10,98.5999526977539
2011-06-13,98.67724609375
2011-06-14,99.92908477783203
2011-06-15,98.15177154541016
2011-06-16,98.36815643310547
2011-06-17,98.66166687011719
2011-06-20,99.16644287109375
2011-06-21,100.52542114257812
2011-06-22,99.91971588134766
2011-06-23,99.63240814208984
2011-06-24,98.4753189086914
2011-06-27,99.35282135009766
2011-06-28,100.64969635009766
2011-06-29,101.51165771484375
2011-06-30,102.48236083984375
2011-07-01,103.99665832519531
2011-07-05,103.9112319946289
2011-07-06,104.03546905517578
2011-07-07,105.11490631103516
2011-07-08,104.36939239501953
2011-07-11,102.48236083984375
2011-07-12,102.03973388671875
2011-07-13,102.38139343261719
2011-07-14,101.67472839355469
2011-07-15,102.26493072509766
2011-07-18,101.42623138427734
2011-07-19,103.0725326538086
2011-07-20,103.01041412353516
2011-07-21,104.4393081665039
2011-07-22,104.50914764404297
2011-07-25,103.9267578125
2011-07-26,103.53846740722656
2011-07-27,101.4184799194336
2011-07-28,101.12339782714844
2011-07-29,100.43226623535156
2011-08-01,100.00514221191406
2011-08-02,97.45026397705078
2011-08-03,97.97834014892578
2011-08-04,93.38886260986328
2011-08-05,93.24910736083984
2011-08-08,87.17640686035156
2011-08-09,91.23002624511719
2011-08-10,87.19967651367188
2011-08-11,91.11356353759766
2011-08-12,91.7270278930664
2011-08-15,93.66844940185547
2011-08-16,92.86861419677734
2011-08-17,92.93070220947266
2011-08-18,88.92366790771484
2011-08-19,87.47150421142578
2011-08-22,87.5414047241211
2011-08-23,90.42242431640625
2011-08-24,91.69599151611328
2011-08-25,90.2981948852539
2011-08-26,91.61055755615234
2011-08-29,94.24308013916016
2011-08-30,94.49159240722656
2011-08-31,94.91091918945312
2011-09-01,93.91690826416016
2011-09-02,91.51738739013672
2011-09-06,90.8495101928711
2011-09-07,93.41217041015625
2011-09-08,92.44145965576172
2011-09-09,90.01862335205078
2011-09-12,90.60104370117188
2011-09-13,91.43194580078125
2011-09-14,92.69775390625
2011-09-15,94.29744720458984
2011-09-16,94.85553741455078
2011-09-19,93.91106414794922
2011-09-20,93.80176544189453
2011-09-21,91.03854370117188
2011-09-22,88.09576416015625
2011-09-23,88.6265640258789
2011-09-26,90.73412322998047
2011-09-27,91.74884796142578
2011-09-28,89.87545776367188
2011-09-29,90.58583068847656
2011-09-30,88.3221206665039
2011-10-03,85.80867004394531
2011-10-04,87.68988037109375
2011-10-05,89.31348419189453
2011-10-06,90.92925262451172
2011-10-07,90.32044219970703
2011-10-10,93.34123229980469
2011-10-11,93.43489837646484
2011-10-12,94.25450897216797
2011-10-13,94.0671615600586
2011-10-14,95.67515563964844
2011-10-17,93.84861755371094
2011-10-18,95.6829605102539
2011-10-19,94.55111694335938
2011-10-20,94.96484375
2011-10-21,96.7679443359375
2011-10-24,97.95446014404297
2011-10-25,96.0498275756836
2011-10-26,97.02558135986328
2011-10-27,100.40542602539062
2011-10-28,100.38204193115234
2011-10-31,97.9622573852539
2011-11-01,95.230224609375
2011-11-02,96.78357696533203
2011-11-03,98.54766082763672
2011-11-04,97.9466552734375
2011-11-07,98.55549621582031
2011-11-08,99.82003021240234
2011-11-09,96.13569641113281
2011-11-10,97.04116821289062
2011-11-11,98.86771392822266
2011-11-14,97.93102264404297
2011-11-15,98.41497039794922
2011-11-16,96.8538589477539
2011-11-17,95.31608581542969
2011-11-18,95.21460723876953
2011-11-21,93.40367889404297
2011-11-22,93.03678894042969
2011-11-23,90.9839096069336
2011-11-25,90.8121566772461
2011-11-28,93.4427490234375
2011-11-29,93.7081069946289
2011-11-30,97.56411743164062
2011-12-01,97.54853820800781
2011-12-02,97.46267700195312
2011-12-05,98.52427673339844
2011-12-06,98.55549621582031
2011-12-07,98.92236328125
2011-12-08,96.75236511230469
2011-12-09,98.39159393310547
2011-12-12,96.95529174804688
2011-12-13,96.0498275756836
2011-12-14,95.02729797363281
2011-12-15,95.3707275390625
2011-12-16,95.51212310791016
2011-12-19,94.4909439086914
2011-12-20,97.35025787353516
2011-12-21,97.53878021240234
2011-12-22,98.4028549194336
2011-12-23,99.28265380859375
2011-12-27,99.36121368408203
2011-12-28,98.0572280883789
2011-12-29,99.07054901123047
2011-12-30,98.58354949951172
2012-01-03,100.15457153320312
2012-01-04,100.3116683959961
2012-01-05,100.57876586914062
2012-01-06,100.3195571899414
2012-01-09,100.56305694580078
2012-01-10,101.4350357055664
2012-01-11,101.489990234375
2012-01-12,101.73347473144531
2012-01-13,101.20719909667969
2012-01-17,101.59996032714844
2012-01-18,102.72323608398438
2012-01-19,103.26528930664062
2012-01-20,103.65017700195312
2012-01-23,103.38311004638672
2012-01-24,103.26528930664062
2012-01-25,104.12936401367188
2012-01-26,103.59518432617188
2012-01-27,103.54806518554688
2012-01-30,103.19454956054688
2012-01-31,103.15531158447266
2012-02-01,104.05864715576172
2012-02-02,104.22358703613281
2012-02-03,105.6847152709961
2012-02-06,105.6139907836914
2012-02-07,105.88108825683594
2012-02-08,106.19529724121094
2012-02-09,106.32881164550781
2012-02-10,105.54329681396484
2012-02-13,106.32881164550781
2012-02-14,106.19529724121094
2012-02-15,105.70040130615234
2012-02-16,106.87083435058594
2012-02-17,107.15361785888672
2012-02-21,107.20074462890625
2012-02-22,106.8551254272461
2012-02-23,107.3264389038086
2012-02-24,107.56212615966797
2012-02-27,107.7427749633789
2012-02-28,108.05699157714844
2012-02-29,107.63282775878906
2012-03-01,108.19052124023438
2012-03-02,107.86062622070312
2012-03-05,107.42069244384766
2012-03-06,105.84966278076172
2012-03-07,106.58804321289062
2012-03-08,107.6484603881836
2012-03-09,108.06484985351562
2012-03-12,108.07270812988281
2012-03-13,110.02073669433594
2012-03-14,109.9029769897461
2012-03-15,110.53925323486328
2012-03-16,110.69226837158203
2012-03-19,111.126220703125
2012-03-20,110.80278015136719
2012-03-21,110.62127685546875
2012-03-22,109.82444763183594
2012-03-23,110.1794662475586
2012-03-26,111.72583770751953
2012-03-27,111.37870025634766
2012-03-28,110.82646942138672
2012-03-29,110.63707733154297
2012-03-30,111.09466552734375
2012-04-02,111.90728759765625
2012-04-03,111.44969177246094
2012-04-04,110.34516143798828
2012-04-05,110.28993225097656
2012-04-09,109.05126190185547
2012-04-10,107.22086334228516
2012-04-11,108.08872985839844
2012-04-12,109.5009765625
2012-04-13,108.19914245605469
2012-04-16,108.1281509399414
2012-04-17,109.72975158691406
2012-04-18,109.35894012451172
2012-04-19,108.65677642822266
2012-04-20,108.83827209472656
2012-04-23,107.92300415039062
2012-04-24,108.33332061767578
2012-04-25,109.81654357910156
2012-04-26,110.58185577392578
2012-04-27,110.76329803466797
2012-04-30,110.35307312011719
2012-05-01,111.03945922851562
2012-05-02,110.70809936523438
2012-05-03,109.86387634277344
2012-05-04,108.08872985839844
2012-05-07,108.16759490966797
2012-05-08,107.7336654663086
2012-05-09,107.09461975097656
2012-05-10,107.31553649902344
2012-05-11,106.99199676513672
2012-05-14,105.80859375
2012-05-15,105.20109558105469
2012-05-16,104.79869079589844
2012-05-17,103.24445343017578
2012-05-18,102.36079406738281
2012-05-21,104.12020111083984
2012-05-22,104.30165100097656
2012-05-23,104.3569107055664
2012-05-24,104.56201171875
2012-05-25,104.2228012084961
2012-05-29,105.48509216308594
2012-05-30,103.95451354980469
2012-05-31,103.72572326660156
2012-06-01,101.1142349243164
2012-06-04,101.06687927246094
2012-06-05,101.83219146728516
2012-06-06,104.12020111083984
2012-06-07,104.18329620361328
2012-06-08,105.01174926757812
2012-06-11,103.67838287353516
2012-06-12,104.8697280883789
2012-06-13,104.19910430908203
2012-06-14,105.30364227294922
2012-06-15,106.38064575195312
2012-06-18,106.58685302734375
2012-06-19,107.61778259277344
2012-06-20,107.44329071044922
2012-06-21,105.03242492675781
2012-06-22,105.84131622314453
2012-06-25,104.14421081542969
2012-06-26,104.6676254272461
2012-06-27,105.61136627197266
2012-06-28,105.30998992919922
2012-06-29,107.9350357055664
2012-07-02,108.26016998291016
2012-07-03,108.97395324707031
2012-07-05,108.48219299316406
2012-07-06,107.45124816894531
2012-07-09,107.31645202636719
2012-07-10,106.38064575195312
2012-07-11,106.396484375
2012-07-12,105.8809585571289
2012-07-13,107.65742492675781
2012-07-16,107.40367889404297
2012-07-17,108.14120483398438
2012-07-18,108.94219970703125
2012-07-19,109.22769165039062
2012-07-20,108.22842407226562
2012-07-23,107.13401794433594
2012-07-24,106.21403503417969
2012-07-25,106.23788452148438
2012-07-26,107.99049377441406
2012-07-27,109.98112487792969
2012-07-30,109.98112487792969
2012-07-31,109.21186828613281
2012-08-01,109.11668395996094
2012-08-02,108.36324310302734
2012-08-03,110.51245880126953
2012-08-06,110.7265853881836
2012-08-07,111.28172302246094
2012-08-08,111.41653442382812
2012-08-09,111.51170349121094
2012-08-10,111.69408416748047
2012-08-13,111.6385726928711
2012-08-14,111.65443420410156
2012-08-15,111.78131103515625
2012-08-16,112.6061019897461
2012-08-17,112.75677490234375
2012-08-20,112.76477813720703
2012-08-21,112.42369842529297
2012-08-22,112.47126770019531
2012-08-23,111.55138397216797
2012-08-24,112.22547149658203
2012-08-27,112.24923706054688
2012-08-28,112.13818359375
2012-08-29,112.22547149658203
2012-08-30,111.41653442382812
2012-08-31,111.94788360595703
2012-09-04,111.84480285644531
2012-09-05,111.7496109008789
2012-09-06,114.01777648925781
2012-09-07,114.46185302734375
2012-09-10,113.8115463256836
2012-09-11,114.12879943847656
2012-09-12,114.50944519042969
2012-09-13,116.25416564941406
2012-09-14,116.76970672607422
2012-09-17,116.37313842773438
2012-09-18,116.27793884277344
2012-09-19,116.34142303466797
2012-09-20,116.3493423461914
2012-09-21,116.30068969726562
2012-09-24,116.12530517578125
2012-09-25,114.88954162597656
2012-09-26,114.24368286132812
2012-09-27,115.3200454711914
2012-09-28,114.7859115600586
2012-10-01,115.0888442993164
2012-10-02,115.20841979980469
2012-10-03,115.67886352539062
2012-10-04,116.508056640625
2012-10-05,116.51600646972656
2012-10-08,116.11731719970703
2012-10-09,114.96923065185547
2012-10-10,114.23572540283203
2012-10-11,114.29951477050781
2012-10-12,113.92477416992188
2012-10-15,114.87355041503906
2012-10-16,116.03755950927734
2012-10-17,116.56380462646484
2012-10-18,116.26087951660156
2012-10-19,114.32344055175781
2012-10-22,114.33937072753906
2012-10-23,112.75279998779297
2012-10-24,112.43386840820312
2012-10-25,112.76074981689453
2012-10-26,112.69697570800781
2012-10-31,112.69697570800781
2012-11-01,113.87696838378906
2012-11-02,112.86439514160156
2012-11-05,113.0956039428711
2012-11-06,113.9806137084961
2012-11-07,111.39739990234375
2012-11-08,110.05792999267578
2012-11-09,110.15360260009766
2012-11-12,110.24131774902344
2012-11-13,109.85860443115234
2012-11-14,108.37569427490234
2012-11-15,108.19226837158203
2012-11-16,108.72647094726562
2012-11-19,110.9269790649414
2012-11-20,110.97479248046875
2012-11-21,111.18212890625
2012-11-23,112.69697570800781
2012-11-26,112.4577865600586
2012-11-27,111.88374328613281
2012-11-28,112.7846450805664
2012-11-29,113.31087493896484
2012-11-30,113.3348159790039
2012-12-03,112.77666473388672
2012-12-04,112.61724090576172
2012-12-05,112.81651306152344
2012-12-06,113.19925689697266
2012-12-07,113.54206085205078
2012-12-10,113.58989715576172
2012-12-11,114.3633041381836
2012-12-12,114.4190902709961
2012-12-13,113.71749877929688
2012-12-14,113.294921875
2012-12-17,114.62643432617188
2012-12-18,115.90205383300781
2012-12-19,115.04100036621094
2012-12-20,115.7027816772461
2012-12-21,114.65250396728516
2012-12-24,114.29922485351562
2012-12-26,113.81746673583984
2012-12-27,113.66486358642578
2012-12-28,112.43636322021484
2012-12-31,114.34735107421875
2013-01-02,117.27812194824219
2013-01-03,117.01315307617188
2013-01-04,117.52703857421875
2013-01-07,117.20587921142578
2013-01-08,116.86860656738281
2013-01-09,117.16567993164062
2013-01-10,118.09712219238281
2013-01-11,118.089111328125
2013-01-14,118.0087890625
2013-01-15,118.089111328125
2013-01-16,118.07303619384766
2013-01-17,118.8358383178711
2013-01-18,119.10084533691406
2013-01-22,119.7431640625
2013-01-23,119.93586730957031
2013-01-24,119.96797180175781
2013-01-25,120.64246368408203
2013-01-28,120.49795532226562
2013-01-29,120.97164154052734
2013-01-30,120.49795532226562
2013-01-31,120.2008056640625
2013-02-01,121.43742370605469
2013-02-04,120.07235717773438
2013-02-05,121.28482818603516
2013-02-06,121.37313079833984
2013-02-07,121.21257781982422
2013-02-08,121.88704681396484
2013-02-11,121.86293029785156
2013-02-12,122.06370544433594
2013-02-13,122.16808319091797
2013-02-14,122.28048706054688
2013-02-15,122.1359634399414
2013-02-19,123.05134582519531
2013-02-20,121.5176773071289
2013-02-21,120.77899932861328
2013-02-22,121.95926666259766
2013-02-25,119.6388168334961
2013-02-26,120.45783996582031
2013-02-27,121.97537231445312
2013-02-28,121.73443603515625
2013-03-01,122.1359634399414
2013-03-04,122.78633117675781
2013-03-05,123.88636779785156
2013-03-06,124.0549545288086
2013-03-07,124.27983093261719
2013-03-08,124.80973815917969
2013-03-11,125.28350067138672
2013-03-12,125.00245666503906
2013-03-13,125.17912292480469
2013-03-14,125.84548950195312
2013-03-15,125.67935943603516
2013-03-18,124.98577117919922
2013-03-19,124.69548034667969
2013-03-20,125.56649780273438
2013-03-21,124.4937744140625
2013-03-22,125.49393463134766
2013-03-25,124.96965789794922
2013-03-26,125.96977996826172
2013-03-27,125.96977996826172
2013-03-28,126.35684204101562
2013-04-01,125.8568344116211
2013-04-02,126.4778823852539
2013-04-03,125.19551086425781
2013-04-04,125.7035903930664
2013-04-05,125.13905334472656
2013-04-08,125.98588562011719
2013-04-09,126.42139434814453
2013-04-10,127.96993255615234
2013-04-11,128.38929748535156
2013-04-12,128.0747833251953
2013-04-15,125.1067886352539
2013-04-16,126.9537353515625
2013-04-17,125.09870910644531
2013-04-18,124.31640625
2013-04-19,125.39713287353516
2013-04-22,125.95359802246094
2013-04-23,127.2520523071289
2013-04-24,127.33277893066406
2013-04-25,127.84899139404297
2013-04-26,127.62308502197266
2013-04-29,128.47796630859375
2013-04-30,128.7845001220703
2013-05-01,127.65533447265625
2013-05-02,128.84092712402344
2013-05-03,130.14747619628906
2013-05-06,130.47821044921875
2013-05-07,131.1395263671875
2013-05-08,131.73635864257812
2013-05-09,131.36534118652344
2013-05-10,131.7928009033203
2013-05-13,131.8976593017578
2013-05-14,133.2606201171875
2013-05-15,133.97845458984375
2013-05-16,133.349365234375
2013-05-17,134.63980102539062
2013-05-20,134.63172912597656
2013-05-21,134.8252716064453
2013-05-22,133.82522583007812
2013-05-23,133.43812561035156
2013-05-24,133.32516479492188
2013-05-28,134.12362670898438
2013-05-29,133.25257873535156
2013-05-30,133.7445526123047
2013-05-31,131.82504272460938
2013-06-03,132.55093383789062
2013-06-04,131.91380310058594
2013-06-05,130.06689453125
2013-06-06,131.244384765625
2013-06-07,132.91383361816406
2013-06-10,132.91383361816406
2013-06-11,131.5428009033203
2013-06-12,130.45394897460938
2013-06-13,132.43804931640625
2013-06-14,131.60733032226562
2013-06-17,132.62350463867188
2013-06-18,133.67196655273438
2013-06-19,131.82504272460938
2013-06-20,128.55865478515625
2013-06-21,128.9713592529297
2013-06-24,127.3416748046875
2013-06-25,128.5659942626953
2013-06-26,129.83885192871094
2013-06-27,130.60107421875
2013-06-28,130.06594848632812
2013-07-01,130.8280792236328
2013-07-02,130.70639038085938
2013-07-03,130.76318359375
2013-07-05,132.17396545410156
2013-07-08,132.9279327392578
2013-07-09,133.8847198486328
2013-07-10,133.933349609375
2013-07-11,135.75759887695312
2013-07-12,135.81436157226562
2013-07-15,136.33323669433594
2013-07-16,135.82249450683594
2013-07-17,136.1710662841797
2013-07-18,136.91702270507812
2013-07-19,137.1602325439453
2013-07-22,137.4278564453125
2013-07-23,137.135986328125
2013-07-24,136.6332550048828
2013-07-25,136.9656982421875
2013-07-26,137.11158752441406
2013-07-29,136.6900177001953
2013-07-30,136.6900177001953
2013-07-31,136.78729248046875
2013-08-01,138.3683624267578
2013-08-02,138.60348510742188
2013-08-05,138.4008026123047
2013-08-06,137.6143035888672
2013-08-07,137.16835021972656
2013-08-08,137.67103576660156
2013-08-09,137.27377319335938
2013-08-12,137.11158752441406
2013-08-13,137.5170440673828
2013-08-14,136.81161499023438
2013-08-15,134.898193359375
2013-08-16,134.4522705078125
2013-08-19,133.5928497314453
2013-08-20,134.2495574951172
2013-08-21,133.42257690429688
2013-08-22,134.6387176513672
2013-08-23,135.09278869628906
2013-08-26,134.59010314941406
2013-08-27,132.4253692626953
2013-08-28,132.8955841064453
2013-08-29,133.1063690185547
2013-08-30,132.68475341796875
2013-09-03,133.28468322753906
2013-09-04,134.3873748779297
2013-09-05,134.55764770507812
2013-09-06,134.62246704101562
2013-09-09,135.9116668701172
2013-09-10,136.91702270507812
2013-09-11,137.3467559814453
2013-09-12,136.98190307617188
2013-09-13,137.2900390625
2013-09-16,138.08457946777344
2013-09-17,138.70077514648438
2013-09-18,140.30612182617188
2013-09-19,140.07095336914062
2013-09-20,139.09165954589844
2013-09-23,138.44801330566406
2013-09-24,138.12216186523438
2013-09-25,137.722900390625
2013-09-26,138.25253295898438
2013-09-27,137.6169891357422
2013-09-30,136.88375854492188
2013-10-01,137.96734619140625
2013-10-02,137.8369903564453
2013-10-03,136.56597900390625
2013-10-04,137.6007537841797
2013-10-07,136.41116333007812
2013-10-08,134.8224639892578
2013-10-09,134.92019653320312
2013-10-10,137.82879638671875
2013-10-11,138.7169189453125
2013-10-14,139.27088928222656
2013-10-15,138.26068115234375
2013-10-16,140.19155883789062
2013-10-17,141.12852478027344
2013-10-18,142.08172607421875
2013-10-21,142.0899200439453
2013-10-22,142.9127960205078
2013-10-23,142.22842407226562
2013-10-24,142.70091247558594
2013-10-25,143.35275268554688
2013-10-28,143.58087158203125
2013-10-29,144.3467254638672
2013-10-30,143.62973022460938
2013-10-31,143.2223358154297
2013-11-01,143.56455993652344
2013-11-04,144.06973266601562
2013-11-05,143.61343383789062
2013-11-06,144.3467254638672
2013-11-07,142.52175903320312
2013-11-08,144.44444274902344
2013-11-11,144.4689483642578
2013-11-12,144.17562866210938
2013-11-13,145.33255004882812
2013-11-14,146.0576629638672
2013-11-15,146.6931610107422
2013-11-18,146.1798858642578
2013-11-19,145.8621368408203
2013-11-20,145.40591430664062
2013-11-21,146.5791015625
2013-11-22,147.31234741210938
2013-11-25,147.1656951904297
2013-11-26,147.20643615722656
2013-11-27,147.5648956298828
2013-11-29,147.46717834472656
2013-12-02,147.08419799804688
2013-12-03,146.44871520996094
2013-12-04,146.4324493408203
2013-12-05,145.7887725830078
2013-12-06,147.4182891845703
2013-12-09,147.79302978515625
2013-12-10,147.2635040283203
2013-12-11,145.6095733642578
2013-12-12,145.12889099121094
2013-12-13,145.112548828125
2013-12-16,146.01690673828125
2013-12-17,145.55252075195312
2013-12-18,148.0375213623047
2013-12-19,147.86630249023438
2013-12-20,148.7264862060547
2013-12-23,149.5210418701172
2013-12-24,149.8487548828125
2013-12-26,150.61056518554688
2013-12-27,150.6023406982422
2013-12-30,150.57777404785156
2013-12-31,151.2904815673828
2014-01-02,149.84054565429688
2014-01-03,149.81597900390625
2014-01-06,149.38180541992188
2014-01-07,150.29928588867188
2014-01-08,150.3319854736328
2014-01-09,150.4302978515625
2014-01-10,150.83990478515625
2014-01-13,148.83297729492188
2014-01-14,150.45492553710938
2014-01-15,151.26585388183594
2014-01-16,151.06927490234375
2014-01-17,150.4302978515625
2014-01-21,150.8727264404297
2014-01-22,150.97100830078125
2014-01-23,149.7340850830078
2014-01-24,146.5393524169922
2014-01-27,145.81854248046875
2014-01-28,146.68685913085938
2014-01-29,145.27784729003906
2014-01-30,146.81784057617188
2014-01-31,145.957763671875
2014-02-03,142.67295837402344
2014-02-04,143.67233276367188
2014-02-05,143.49208068847656
2014-02-06,145.38438415527344
2014-02-07,147.18649291992188
2014-02-10,147.45680236816406
2014-02-11,149.07052612304688
2014-02-12,149.14425659179688
2014-02-13,149.91429138183594
2014-02-14,150.74160766601562
2014-02-18,150.92190551757812
2014-02-19,149.9224853515625
2014-02-20,150.80715942382812
2014-02-21,150.63514709472656
2014-02-24,151.4706268310547
2014-02-25,151.41334533691406
2014-02-26,151.4215087890625
2014-02-27,152.2161102294922
2014-02-28,152.60108947753906
2014-03-03,151.5279998779297
2014-03-04,153.65785217285156
2014-03-05,153.7970733642578
2014-03-06,154.14935302734375
2014-03-07,154.21482849121094
2014-03-10,154.13296508789062
2014-03-11,153.37110900878906
2014-03-12,153.4120330810547
2014-03-13,151.69187927246094
2014-03-14,151.26585388183594
2014-03-17,152.63388061523438
2014-03-18,153.72335815429688
2014-03-19,152.90419006347656
2014-03-20,153.7970733642578
2014-03-21,153.2005615234375
2014-03-24,152.56703186035156
2014-03-25,153.2910919189453
2014-03-26,152.18856811523438
2014-03-27,151.86770629882812
2014-03-28,152.61639404296875
2014-03-31,153.86705017089844
2014-04-01,154.88726806640625
2014-04-02,155.4055633544922
2014-04-03,155.19993591308594
2014-04-04,153.36509704589844
2014-04-07,151.6702117919922
2014-04-08,152.2955322265625
2014-04-09,153.9329071044922
2014-04-10,150.69931030273438
2014-04-11,149.34176635742188
2014-04-14,150.5183563232422
2014-04-15,151.55503845214844
2014-04-16,153.14297485351562
2014-04-17,153.35687255859375
2014-04-21,153.8916778564453
2014-04-22,154.59104919433594
2014-04-23,154.22901916503906
2014-04-24,154.54164123535156
2014-04-25,153.2746124267578
2014-04-28,153.76007080078125
2014-04-29,154.47586059570312
2014-04-30,154.93663024902344
2014-05-01,154.95310974121094
2014-05-02,154.73089599609375
2014-05-05,155.02713012695312
2014-05-06,153.6777801513672
2014-05-07,154.58282470703125
2014-05-08,154.41831970214844
2014-05-09,154.64862060546875
2014-05-12,156.15431213378906
2014-05-13,156.29421997070312
2014-05-14,155.55369567871094
2014-05-15,154.18789672851562
2014-05-16,154.7227020263672
2014-05-19,155.29042053222656
2014-05-20,154.3113555908203
2014-05-21,155.61134338378906
2014-05-22,155.98977661132812
2014-05-23,156.61514282226562
2014-05-27,157.57774353027344
2014-05-28,157.46253967285156
2014-05-29,158.277099609375
2014-05-30,158.53216552734375
2014-06-02,158.7132110595703
2014-06-03,158.6309051513672
2014-06-04,158.9517364501953
2014-06-05,159.9884490966797
2014-06-06,160.7536163330078
2014-06-09,160.9181671142578
2014-06-10,160.9346160888672
2014-06-11,160.3751983642578
2014-06-12,159.23973083496094
2014-06-13,159.72515869140625
2014-06-16,159.85682678222656
2014-06-17,160.3010711669922
2014-06-18,161.47769165039062
2014-06-19,161.65867614746094
2014-06-20,161.98692321777344
2014-06-23,161.9373321533203
2014-06-24,160.9617919921875
2014-06-25,161.68927001953125
2014-06-26,161.5735321044922
2014-06-27,161.8876953125
2014-06-30,161.8050537109375
2014-07-01,162.88796997070312
2014-07-02,163.0533905029297
2014-07-03,163.85523986816406
2014-07-07,163.28485107421875
2014-07-08,162.23495483398438
2014-07-09,162.96240234375
2014-07-10,162.31753540039062
2014-07-11,162.5408172607422
2014-07-14,163.3592987060547
2014-07-15,163.0533905029297
2014-07-16,163.6568603515625
2014-07-17,161.7967529296875
2014-07-18,163.4502410888672
2014-07-21,163.14430236816406
2014-07-22,163.85523986816406
2014-07-23,164.21900939941406
2014-07-24,164.22731018066406
2014-07-25,163.45843505859375
2014-07-28,163.5245361328125
2014-07-29,162.82188415527344
2014-07-30,162.8466796875
2014-07-31,159.63076782226562
2014-08-01,159.14295959472656
2014-08-04,160.2921142578125
2014-08-05,158.73785400390625
2014-08-06,158.78753662109375
2014-08-07,157.92770385742188
2014-08-08,159.75473022460938
2014-08-11,160.21766662597656
2014-08-12,159.99453735351562
2014-08-13,161.07748413085938
2014-08-14,161.8380889892578
2014-08-15,161.8050537109375
2014-08-18,163.1608123779297
2014-08-19,164.0123748779297
2014-08-20,164.45046997070312
2014-08-21,164.92994689941406
2014-08-22,164.67376708984375
2014-08-25,165.50868225097656
2014-08-26,165.61619567871094
2014-08-27,165.55006408691406
2014-08-28,165.4591522216797
2014-08-29,165.93032836914062
2014-09-02,165.84768676757812
2014-09-03,165.75677490234375
2014-09-04,165.51695251464844
2014-09-05,166.26104736328125
2014-09-08,165.83108520507812
2014-09-09,164.7811737060547
2014-09-10,165.40126037597656
2014-09-11,165.59132385253906
2014-09-12,164.62411499023438
2014-09-15,164.5001220703125
2014-09-16,165.74020385742188
2014-09-17,165.9634246826172
2014-09-18,166.84799194335938
2014-09-19,166.6976776123047
2014-09-22,165.41030883789062
2014-09-23,164.46336364746094
2014-09-24,165.7507781982422
2014-09-25,163.07627868652344
2014-09-26,164.3719940185547
2014-09-29,164.0730743408203
2014-09-30,163.64114379882812
2014-10-01,161.4234619140625
2014-10-02,161.44842529296875
2014-10-03,163.22581481933594
2014-10-06,163.03477478027344
2014-10-07,160.5181884765625
2014-10-08,163.3255157470703
2014-10-09,160.08621215820312
2014-10-10,158.25897216796875
2014-10-13,155.65927124023438
2014-10-14,155.9001007080078
2014-10-15,154.8452911376953
2014-10-16,154.7123565673828
2014-10-17,156.53968811035156
2014-10-20,158.05966186523438
2014-10-21,161.19090270996094
2014-10-22,160.04469299316406
2014-10-23,161.90516662597656
2014-10-24,163.1510772705078
2014-10-27,162.92681884765625
2014-10-28,164.795654296875
2014-10-29,164.54644775390625
2014-10-30,165.60134887695312
2014-10-31,167.4949951171875
2014-11-03,167.5863800048828
2014-11-04,167.00498962402344
2014-11-05,168.05982971191406
2014-11-06,168.73255920410156
2014-11-07,168.8904266357422
2014-11-10,169.42196655273438
2014-11-11,169.58810424804688
2014-11-12,169.4053192138672
2014-11-13,169.5963592529297
2014-11-14,169.6378936767578
2014-11-17,169.74588012695312
2014-11-18,170.72598266601562
2014-11-19,170.45191955566406
2014-11-20,170.75086975097656
2014-11-21,171.66456604003906
2014-11-24,172.14627075195312
2014-11-25,172.0216522216797
2014-11-26,172.4619140625
2014-11-28,172.09646606445312
2014-12-01,170.90037536621094
2014-12-02,172.0050811767578
2014-12-03,172.66952514648438
2014-12-04,172.47853088378906
2014-12-05,172.76089477539062
2014-12-08,171.6063995361328
2014-12-09,171.4901123046875
2014-12-10,168.74090576171875
2014-12-11,169.5963592529297
2014-12-12,166.85546875
2014-12-15,165.70925903320312
2014-12-16,164.38034057617188
2014-12-17,167.60302734375
2014-12-18,171.74754333496094
2014-12-19,172.4783935546875
2014-12-22,173.2717742919922
2014-12-23,173.50564575195312
2014-12-24,173.52232360839844
2014-12-26,174.08189392089844
2014-12-29,174.3157196044922
2014-12-30,173.3803253173828
2014-12-31,171.659912109375
2015-01-02,171.5680389404297
2015-01-05,168.4696044921875
2015-01-06,166.8827362060547
2015-01-07,168.96234130859375
2015-01-08,171.9605712890625
2015-01-09,170.58253479003906
2015-01-12,169.24623107910156
2015-01-13,168.77023315429688
2015-01-14,167.75128173828125
2015-01-15,166.21463012695312
2015-01-16,168.3944091796875
2015-01-20,168.75352478027344
2015-01-21,169.60537719726562
2015-01-22,172.1275634765625
2015-01-23,171.18385314941406
2015-01-26,171.58477783203125
2015-01-27,169.3214874267578
2015-01-28,167.15003967285156
2015-01-29,168.69509887695312
2015-01-30,166.57376098632812
2015-02-02,168.6366424560547
2015-02-03,171.07533264160156
2015-02-04,170.42385864257812
2015-02-05,172.144287109375
2015-02-06,171.66822814941406
2015-02-09,170.89990234375
2015-02-10,172.7205352783203
2015-02-11,172.82081604003906
2015-02-12,174.4827423095703
2015-02-13,175.20101928710938
2015-02-17,175.47662353515625
2015-02-18,175.49331665039062
2015-02-19,175.3680419921875
2015-02-20,176.42031860351562
2015-02-23,176.39532470703125
2015-02-24,176.89639282226562
2015-02-25,176.74610900878906
2015-02-26,176.5372772216797
2015-02-27,175.93597412109375
2015-03-02,177.0467071533203
2015-03-03,176.32020568847656
2015-03-04,175.5767822265625
2015-03-05,175.76893615722656
2015-03-06,173.29684448242188
2015-03-09,174.01510620117188
2015-03-10,171.19223022460938
2015-03-11,170.79129028320312
2015-03-12,172.9627227783203
2015-03-13,171.902099609375
2015-03-16,174.19882202148438
2015-03-17,173.68104553222656
2015-03-18,175.76893615722656
2015-03-19,174.96714782714844
2015-03-20,176.5115509033203
2015-03-23,176.1676025390625
2015-03-24,175.17771911621094
2015-03-25,172.6106719970703
2015-03-26,172.19964599609375
2015-03-27,172.59393310546875
2015-03-30,174.6995391845703
2015-03-31,173.17274475097656
2015-04-01,172.56040954589844
2015-04-02,173.18118286132812
2015-04-06,174.34718322753906
2015-04-07,173.88584899902344
2015-04-08,174.47308349609375
2015-04-09,175.2448272705078
2015-04-10,176.201171875
2015-04-13,175.4042205810547
2015-04-14,175.73974609375
2015-04-15,176.52841186523438
2015-04-16,176.47802734375
2015-04-17,174.4478759765625
2015-04-20,176.04180908203125
2015-04-21,175.83206176757812
2015-04-22,176.69613647460938
2015-04-23,177.14071655273438
2015-04-24,177.55181884765625
2015-04-27,176.81353759765625
2015-04-28,177.37564086914062
2015-04-29,176.6458282470703
2015-04-30,174.8756866455078
2015-05-01,176.7716827392578
2015-05-04,177.27496337890625
2015-05-05,175.2448272705078
2015-05-06,174.52337646484375
2015-05-07,175.2196502685547
2015-05-08,177.52662658691406
2015-05-11,176.6793212890625
2015-05-12,176.15081787109375
2015-05-13,176.18441772460938
2015-05-14,178.0215606689453
2015-05-15,178.2145538330078
2015-05-18,178.7681884765625
2015-05-19,178.70945739746094
2015-05-20,178.58363342285156
2015-05-21,179.10379028320312
2015-05-22,178.67593383789062
2015-05-26,176.7548370361328
2015-05-27,178.43267822265625
2015-05-28,178.23130798339844
2015-05-29,177.12393188476562
2015-06-01,177.48468017578125
2015-06-02,177.30853271484375
2015-06-03,177.7783203125
2015-06-04,176.27671813964844
2015-06-05,175.97467041015625
2015-06-08,174.89247131347656
2015-06-09,174.86740112304688
2015-06-10,176.9645233154297
2015-06-11,177.5349884033203
2015-06-12,176.17601013183594
2015-06-15,175.42100524902344
2015-06-16,176.37741088867188
2015-06-17,176.66259765625
2015-06-18,178.49977111816406
2015-06-19,177.70733642578125
2015-06-22,178.6177978515625
2015-06-23,178.7441864013672
2015-06-24,177.44602966308594
2015-06-25,176.90655517578125
2015-06-26,176.87281799316406
2015-06-29,173.16375732421875
2015-06-30,173.52618408203125
2015-07-01,174.91709899902344
2015-07-02,174.7569122314453
2015-07-06,174.2596435546875
2015-07-07,175.35543823242188
2015-07-08,172.41348266601562
2015-07-09,172.725341796875
2015-07-10,174.90023803710938
2015-07-13,176.8306427001953
2015-07-14,177.5977325439453
2015-07-15,177.5387420654297
2015-07-16,178.96340942382812
2015-07-17,179.1150665283203
2015-07-20,179.2078399658203
2015-07-21,178.49977111816406
2015-07-22,178.179443359375
2015-07-23,177.17625427246094
2015-07-24,175.338623046875
2015-07-27,174.3185577392578
2015-07-28,176.4597625732422
2015-07-29,177.67361450195312
2015-07-30,177.71580505371094
2015-07-31,177.44602966308594
2015-08-03,176.8474884033203
2015-08-04,176.50189208984375
2015-08-05,177.0835418701172
2015-08-06,175.63365173339844
2015-08-07,175.29644775390625
2015-08-10,177.5050811767578
2015-08-11,175.9033660888672
2015-08-12,176.1141815185547
2015-08-13,175.8949432373047
2015-08-14,176.53558349609375
2015-08-17,177.5218963623047
2015-08-18,177.00767517089844
2015-08-19,175.6083526611328
2015-08-20,171.94137573242188
2015-08-21,166.76556396484375
2015-08-24,159.7435760498047
2015-08-25,157.8636932373047
2015-08-26,163.92471313476562
2015-08-27,167.97946166992188
2015-08-28,167.9878692626953
2015-08-31,166.63070678710938
2015-09-01,161.65713500976562
2015-09-02,164.72555541992188
2015-09-03,164.84356689453125
2015-09-04,162.34840393066406
2015-09-08,166.4283447265625
2015-09-09,164.202880859375
2015-09-10,165.09645080566406
2015-09-11,165.84669494628906
2015-09-14,165.23133850097656
2015-09-15,167.29660034179688
2015-09-16,168.74655151367188
2015-09-17,168.36720275878906
2015-09-18,165.6158447265625
2015-09-21,166.4716796875
2015-09-22,164.31092834472656
2015-09-23,164.04820251464844
2015-09-24,163.45509338378906
2015-09-25,163.41270446777344
2015-09-28,159.3114776611328
2015-09-29,159.4047393798828
2015-09-30,162.37892150878906
2015-10-01,162.8026123046875
2015-10-02,165.23452758789062
2015-10-05,168.1748504638672
2015-10-06,167.5986328125
2015-10-07,168.97134399414062
2015-10-08,170.49658203125
2015-10-09,170.59823608398438
2015-10-12,170.7593231201172
2015-10-13,169.68307495117188
2015-10-14,168.86968994140625
2015-10-15,171.46258544921875
2015-10-16,172.2421875
2015-10-19,172.32687377929688
2015-10-20,172.1065673828125
2015-10-21,171.03890991210938
2015-10-22,173.9284210205078
2015-10-23,175.83494567871094
2015-10-26,175.40280151367188
2015-10-27,175.0638427734375
2015-10-28,177.0550994873047
2015-10-29,176.9534912109375
2015-10-30,176.1908416748047
2015-11-02,178.27528381347656
2015-11-03,178.7921600341797
2015-11-04,178.24989318847656
2015-11-05,178.07191467285156
2015-11-06,177.97877502441406
2015-11-09,176.3179168701172
2015-11-10,176.72463989257812
2015-11-11,176.0298309326172
2015-11-12,173.57254028320312
2015-11-13,171.62351989746094
2015-11-16,174.2334747314453
2015-11-17,174.10635375976562
2015-11-18,176.86871337890625
2015-11-19,176.7161865234375
2015-11-20,177.36021423339844
2015-11-23,177.15682983398438
2015-11-24,177.3940887451172
2015-11-25,177.36868286132812
2015-11-27,177.57203674316406
2015-11-30,176.83482360839844
2015-12-01,178.52105712890625
2015-12-02,176.69924926757812
2015-12-03,174.22496032714844
2015-12-04,177.62289428710938
2015-12-07,176.54673767089844
2015-12-08,175.36041259765625
2015-12-09,173.9961700439453
2015-12-10,174.44525146484375
2015-12-11,171.06431579589844
2015-12-14,171.92861938476562
2015-12-15,173.73350524902344
2015-12-16,176.275634765625
2015-12-17,173.58944702148438
2015-12-18,170.49691772460938
2015-12-21,171.90341186523438
2015-12-22,173.46328735351562
2015-12-23,175.61135864257812
2015-12-24,175.32150268554688
2015-12-28,174.9208984375
2015-12-29,176.78762817382812
2015-12-30,175.53463745117188
2015-12-31,173.7786865234375
2016-01-04,171.34934997558594
2016-01-05,171.63914489746094
2016-01-06,169.47409057617188
2016-01-07,165.4081573486328
2016-01-08,163.59249877929688
2016-01-11,163.7544708251953
2016-01-12,165.07568359375
2016-01-13,160.95858764648438
2016-01-14,163.6010284423828
2016-01-15,160.08912658691406
2016-01-19,160.30227661132812
2016-01-20,158.24795532226562
2016-01-21,159.13446044921875
2016-01-22,162.39920043945312
2016-01-25,159.9442596435547
2016-01-26,162.12637329101562
2016-01-27,160.36190795898438
2016-01-28,161.1971893310547
2016-01-29,165.1268310546875
2016-02-01,165.06715393066406
2016-02-02,162.09231567382812
2016-02-03,163.06402587890625
2016-02-04,163.31973266601562
2016-02-05,160.20848083496094
2016-02-08,158.05194091796875
2016-02-09,158.0604248046875
2016-02-10,157.92404174804688
2016-02-11,155.86976623535156
2016-02-12,159.08334350585938
2016-02-16,161.76841735839844
2016-02-17,164.41082763671875
2016-02-18,163.73741149902344
2016-02-19,163.66067504882812
2016-02-22,166.03038024902344
2016-02-23,163.9334716796875
2016-02-24,164.68357849121094
2016-02-25,166.67816162109375
2016-02-26,166.29464721679688
2016-02-29,164.9904327392578
2016-03-01,168.8688507080078
2016-03-02,169.6275634765625
2016-03-03,170.2924041748047
2016-03-04,170.846435546875
2016-03-07,170.98280334472656
2016-03-08,169.11605834960938
2016-03-09,169.95144653320312
2016-03-10,170.0877685546875
2016-03-11,172.83250427246094
2016-03-14,172.6108856201172
2016-03-15,172.32962036132812
2016-03-16,173.3268585205078
2016-03-17,174.426513671875
2016-03-18,175.1118927001953
2016-03-21,175.36041259765625
2016-03-22,175.26608276367188
2016-03-23,174.10952758789062
2016-03-24,174.03236389160156
2016-03-28,174.1352081298828
2016-03-29,175.74595642089844
2016-03-30,176.51708984375
2016-03-31,176.0886993408203
2016-04-01,177.28823852539062
2016-04-04,176.71417236328125
2016-04-05,174.94912719726562
2016-04-06,176.85983276367188
2016-04-07,174.74351501464844
2016-04-08,175.2147979736328
2016-04-11,174.80348205566406
2016-04-12,176.43142700195312
2016-04-13,178.21351623535156
2016-04-14,178.22210693359375
2016-04-15,178.0250701904297
2016-04-18,179.27593994140625
2016-04-19,179.84141540527344
2016-04-20,180.01284790039062
2016-04-21,179.04461669921875
2016-04-22,179.04461669921875
2016-04-25,178.73617553710938
2016-04-26,179.00181579589844
2016-04-27,179.3702392578125
2016-04-28,177.74232482910156
2016-04-29,176.78269958496094
2016-05-02,178.18783569335938
2016-05-03,176.63697814941406
2016-05-04,175.65174865722656
2016-05-05,175.61741638183594
2016-05-06,176.26004028320312
2016-05-09,176.40573120117188
2016-05-10,178.59909057617188
2016-05-11,176.92835998535156
2016-05-12,176.97975158691406
2016-05-13,175.43746948242188
2016-05-16,177.1682586669922
2016-05-17,175.51467895507812
2016-05-18,175.56602478027344
2016-05-19,174.95767211914062
2016-05-20,176.06300354003906
2016-05-23,175.82308959960938
2016-05-24,178.1021728515625
2016-05-25,179.3102264404297
2016-05-26,179.3616180419922
2016-05-27,180.13279724121094
2016-05-31,179.79006958007812
2016-06-01,180.15850830078125
2016-06-02,180.70681762695312
2016-06-03,180.16702270507812
2016-06-06,181.08380126953125
2016-06-07,181.36659240722656
2016-06-08,181.95773315429688
2016-06-09,181.70925903320312
2016-06-10,179.9871063232422
2016-06-13,178.59909057617188
2016-06-14,178.2478485107422
2016-06-15,177.99935913085938
2016-06-16,178.53054809570312
2016-06-17,177.86569213867188
2016-06-20,179.01116943359375
2016-06-21,179.519287109375
2016-06-22,179.2264404296875
2016-06-23,181.5604248046875
2016-06-24,175.04075622558594
2016-06-27,171.90582275390625
2016-06-28,175.00631713867188
2016-06-29,177.9862060546875
2016-06-30,180.41493225097656
2016-07-01,180.79393005371094
2016-07-05,179.49342346191406
2016-07-06,180.5700225830078
2016-07-07,180.45806884765625
2016-07-08,183.1451416015625
2016-07-11,183.79104614257812
2016-07-12,185.1260223388672
2016-07-13,185.10018920898438
2016-07-14,186.13372802734375
2016-07-15,185.88392639160156
2016-07-18,186.3834228515625
2016-07-19,186.1939697265625
2016-07-20,186.96910095214844
2016-07-21,186.26284790039062
2016-07-22,187.09828186035156
2016-07-25,186.5901641845703
2016-07-26,186.67630004882812
2016-07-27,186.47817993164062
2016-07-28,186.69345092773438
2016-07-29,186.9949188232422
2016-08-01,186.8399200439453
2016-08-02,185.64276123046875
2016-08-03,186.1853790283203
2016-08-04,186.3834228515625
2016-08-05,187.9078826904297
2016-08-08,187.7959442138672
2016-08-09,187.9078826904297
2016-08-10,187.4427947998047
2016-08-11,188.31263732910156
2016-08-12,188.14903259277344
2016-08-15,188.6916046142578
2016-08-16,187.71839904785156
2016-08-17,188.071533203125
2016-08-18,188.49351501464844
2016-08-19,188.21792602539062
2016-08-22,188.20932006835938
2016-08-23,188.58827209472656
2016-08-24,187.62362670898438
2016-08-25,187.49441528320312
2016-08-26,187.141357421875
2016-08-29,188.06289672851562
2016-08-30,187.75282287597656
2016-08-31,187.2188720703125
2016-09-01,187.22750854492188
2016-09-02,188.071533203125
2016-09-06,188.63992309570312
2016-09-07,188.62271118164062
2016-09-08,188.1920928955078
2016-09-09,183.68771362304688
2016-09-12,186.3231658935547
2016-09-13,183.6446533203125
2016-09-14,183.5758056640625
2016-09-15,185.41024780273438
2016-09-16,184.69351196289062
2016-09-19,184.72808837890625
2016-09-20,184.73680114746094
2016-09-21,186.81423950195312
2016-09-22,187.99147033691406
2016-09-23,186.96139526367188
2016-09-26,185.44659423828125
2016-09-27,186.59783935546875
2016-09-28,187.52401733398438
2016-09-29,185.82740783691406
2016-09-30,187.22976684570312
2016-10-03,186.7796173095703
2016-10-04,185.82740783691406
2016-10-05,186.64979553222656
2016-10-06,186.7796173095703
2016-10-07,186.13906860351562
2016-10-10,187.10855102539062
2016-10-11,184.74542236328125
2016-10-12,184.98780822753906
2016-10-13,184.38186645507812
2016-10-14,184.47711181640625
2016-10-17,183.83656311035156
2016-10-18,184.98780822753906
2016-10-19,185.4812469482422
2016-10-20,185.13497924804688
2016-10-21,185.2215576171875
2016-10-24,186.0092315673828
2016-10-25,185.385986328125
2016-10-26,185.0137939453125
2016-10-27,184.52032470703125
2016-10-28,183.97503662109375
2016-10-31,183.9837188720703
2016-11-01,182.65072631835938
2016-11-02,181.55137634277344
2016-11-03,180.72036743164062
2016-11-04,180.5212860107422
2016-11-07,184.5031280517578
2016-11-08,185.3340606689453
2016-11-09,187.29901123046875
2016-11-10,187.76641845703125
2016-11-11,187.33358764648438
2016-11-14,187.4807891845703
2016-11-15,188.94363403320312
2016-11-16,188.58871459960938
2016-11-17,189.55819702148438
2016-11-18,189.1340789794922
2016-11-21,190.56231689453125
2016-11-22,190.93447875976562
2016-11-23,191.0383758544922
2016-11-25,191.74818420410156
2016-11-28,190.84793090820312
2016-11-29,191.2201385498047
2016-11-30,190.76136779785156
2016-12-01,190.0602569580078
2016-12-02,190.1554718017578
2016-12-05,191.29800415039062
2016-12-06,191.9039764404297
2016-12-07,194.41421508789062
2016-12-08,194.8902587890625
2016-12-09,196.06753540039062
2016-12-12,195.84249877929688
2016-12-13,197.14952087402344
2016-12-14,195.52224731445312
2016-12-15,196.32720947265625
2016-12-16,195.94320678710938
2016-12-19,196.36988830566406
2016-12-20,197.1273956298828
2016-12-21,196.57887268066406
2016-12-22,196.23927307128906
2016-12-23,196.52659606933594
2016-12-27,197.01419067382812
2016-12-28,195.38597106933594
2016-12-29,195.34242248535156
2016-12-30,194.62847900390625
2017-01-03,196.11737060546875
2017-01-04,197.28408813476562
2017-01-05,197.1273956298828
2017-01-06,197.8326416015625
2017-01-09,197.1796417236328
2017-01-10,197.1796417236328
2017-01-11,197.7368927001953
2017-01-12,197.2406005859375
2017-01-13,197.69332885742188
2017-01-17,196.9967498779297
2017-01-18,197.43215942382812
2017-01-19,196.70071411132812
2017-01-20,197.42340087890625
2017-01-23,196.90968322753906
2017-01-24,198.17222595214844
2017-01-25,199.8875274658203
2017-01-26,199.67855834960938
2017-01-27,199.36508178710938
2017-01-30,198.12867736816406
2017-01-31,198.11126708984375
2017-02-01,198.1896209716797
2017-02-02,198.3202362060547
2017-02-03,199.6872100830078
2017-02-06,199.3302001953125
2017-02-07,199.33897399902344
2017-02-08,199.60023498535156
2017-02-09,200.78433227539062
2017-02-10,201.5767059326172
2017-02-13,202.67376708984375
2017-02-14,203.48353576660156
2017-02-15,204.5457763671875
2017-02-16,204.37167358398438
2017-02-17,204.69381713867188
2017-02-21,205.91278076171875
2017-02-22,205.7299041748047
2017-02-23,205.86924743652344
2017-02-24,206.13047790527344
2017-02-27,206.45266723632812
2017-02-28,205.89540100097656
2017-03-01,208.7773895263672
2017-03-02,207.46263122558594
2017-03-03,207.59327697753906
2017-03-06,206.97508239746094
2017-03-07,206.35687255859375
2017-03-08,205.9738006591797
2017-03-09,206.2349853515625
2017-03-10,206.95762634277344
2017-03-13,207.06207275390625
2017-03-14,206.26974487304688
2017-03-15,208.0547332763672
2017-03-16,207.6454315185547
2017-03-17,207.2808074951172
2017-03-20,207.05345153808594
2017-03-21,204.39501953125
2017-03-22,204.87596130371094
2017-03-23,204.65736389160156
2017-03-24,204.50869750976562
2017-03-27,204.29879760742188
2017-03-28,205.78546142578125
2017-03-29,205.9778289794922
2017-03-30,206.63365173339844
2017-03-31,206.1527557373047
2017-04-03,205.79417419433594
2017-04-04,205.92532348632812
2017-04-05,205.313232421875
2017-04-06,205.89041137695312
2017-04-07,205.6804962158203
2017-04-10,205.8029327392578
2017-04-11,205.55809020996094
2017-04-12,204.65736389160156
2017-04-13,203.32809448242188
2017-04-17,205.1295928955078
2017-04-18,204.51742553710938
2017-04-19,204.141357421875
2017-04-20,205.8029327392578
2017-04-21,205.14703369140625
2017-04-24,207.4032745361328
2017-04-25,208.61004638671875
2017-04-26,208.47886657714844
2017-04-27,208.65379333496094
2017-04-28,208.19903564453125
2017-05-01,208.72373962402344
2017-05-02,208.80247497558594
2017-05-03,208.548828125
2017-05-04,208.79371643066406
2017-05-05,209.61570739746094
2017-05-08,209.5807342529297
2017-05-09,209.38836669921875
2017-05-10,209.7643280029297
2017-05-11,209.3358917236328
2017-05-12,208.98606872558594
2017-05-15,210.14044189453125
2017-05-16,209.94801330566406
2017-05-17,206.2227020263672
2017-05-18,207.05345153808594
2017-05-19,208.40016174316406
2017-05-22,209.45828247070312
2017-05-23,209.9218292236328
2017-05-24,210.41143798828125
2017-05-25,211.4171600341797
2017-05-26,211.3734588623047
2017-05-30,211.18978881835938
2017-05-31,211.1373291015625
2017-06-01,212.81639099121094
2017-06-02,213.52467346191406
2017-06-05,213.36732482910156
2017-06-06,212.68519592285156
2017-06-07,213.07872009277344
2017-06-08,213.1836700439453
2017-06-09,212.8600311279297
2017-06-12,212.81639099121094
2017-06-13,213.8570098876953
2017-06-14,213.58592224121094
2017-06-15,213.17494201660156
2017-06-16,213.22149658203125
2017-06-19,214.99656677246094
2017-06-20,213.54661560058594
2017-06-21,213.493896484375
2017-06-22,213.39723205566406
2017-06-23,213.652099609375
2017-06-26,213.7926788330078
2017-06-27,212.0702667236328
2017-06-28,213.9684295654297
2017-06-29,212.08790588378906
2017-06-30,212.4833221435547
2017-07-03,212.84359741210938
2017-07-05,213.33572387695312
2017-07-06,211.3848876953125
2017-07-07,212.7556915283203
2017-07-10,212.98419189453125
2017-07-11,212.8260498046875
2017-07-12,214.42535400390625
2017-07-13,214.78564453125
2017-07-14,215.78741455078125
2017-07-17,215.76109313964844
2017-07-18,215.87533569335938
2017-07-19,217.04408264160156
2017-07-20,217.1407470703125
2017-07-21,216.9474334716797
2017-07-24,216.89468383789062
2017-07-25,217.4219512939453
2017-07-26,217.4307098388672
2017-07-27,217.22862243652344
2017-07-28,216.9738006591797
2017-07-31,216.85076904296875
2017-08-01,217.3340606689453
2017-08-02,217.43954467773438
2017-08-03,217.0177001953125
2017-08-04,217.41314697265625
2017-08-07,217.81736755371094
2017-08-08,217.28131103515625
2017-08-09,217.2725372314453
2017-08-10,214.20570373535156
2017-08-11,214.52200317382812
2017-08-14,216.6486358642578
2017-08-15,216.6222381591797
2017-08-16,217.00013732910156
2017-08-17,213.61688232421875
2017-08-18,213.28298950195312
2017-08-21,213.44996643066406
2017-08-22,215.68202209472656
2017-08-23,214.90867614746094
2017-08-24,214.40780639648438
2017-08-25,214.90867614746094
2017-08-28,214.91746520996094
2017-08-29,215.16357421875
2017-08-30,216.18287658691406
2017-08-31,217.48348999023438
2017-09-01,217.79095458984375
2017-09-05,216.2268524169922
2017-09-06,216.96498107910156
2017-09-07,216.93862915039062
2017-09-08,216.6837921142578
2017-09-11,218.99488830566406
2017-09-12,219.7331085205078
2017-09-13,219.83856201171875
2017-09-14,219.7681884765625
2017-09-15,220.06405639648438
2017-09-18,220.5321044921875
2017-09-19,220.75286865234375
2017-09-20,220.83233642578125
2017-09-21,220.24069213867188
2017-09-22,220.28482055664062
2017-09-25,219.8343963623047
2017-09-26,219.9669647216797
2017-09-27,220.8235626220703
2017-09-28,221.08853149414062
2017-09-29,221.86558532714844
2017-10-02,222.8282470703125
2017-10-03,223.3050537109375
2017-10-04,223.57003784179688
2017-10-05,224.8946990966797
2017-10-06,224.6385955810547
2017-10-09,224.26766967773438
2017-10-10,224.8594207763672
2017-10-11,225.21263122558594
2017-10-12,224.87709045410156
2017-10-13,225.15084838867188
2017-10-16,225.45106506347656
2017-10-17,225.61000061035156
2017-10-18,225.830810546875
2017-10-19,225.8926239013672
2017-10-20,227.058349609375
2017-10-23,226.17518615722656
2017-10-24,226.57261657714844
2017-10-25,225.45106506347656
2017-10-26,225.74249267578125
2017-10-27,227.58822631835938
2017-10-30,226.74038696289062
2017-10-31,227.09365844726562
2017-11-01,227.3939208984375
2017-11-02,227.48226928710938
2017-11-03,228.24179077148438
2017-11-06,228.59495544433594
2017-11-07,228.43601989746094
2017-11-08,228.82456970214844
2017-11-09,227.99449157714844
2017-11-10,227.92379760742188
2017-11-13,228.13571166992188
2017-11-14,227.6058807373047
2017-11-15,226.46665954589844
2017-11-16,228.3918914794922
2017-11-17,227.7206573486328
2017-11-20,228.10923767089844
2017-11-21,229.60171508789062
2017-11-22,229.3986053466797
2017-11-24,229.92848205566406
2017-11-27,229.81373596191406
2017-11-28,232.14511108398438
2017-11-29,232.00379943847656
2017-11-30,234.03497314453125
2017-12-01,233.5492706298828
2017-12-04,233.26666259765625
2017-12-05,232.42771911621094
2017-12-06,232.47189331054688
2017-12-07,233.20484924316406
2017-12-08,234.47654724121094
2017-12-11,235.1829833984375
2017-12-12,235.59803771972656
2017-12-13,235.5716552734375
2017-12-14,234.6090087890625
2017-12-15,236.56272888183594
2017-12-18,238.06285095214844
2017-12-19,237.14854431152344
2017-12-20,237.0242462158203
2017-12-21,237.51242065429688
2017-12-22,237.45034790039062
2017-12-26,237.16627502441406
2017-12-27,237.28172302246094
2017-12-28,237.7698516845703
2017-12-29,236.8733367919922
2018-01-02,238.5687713623047
2018-01-03,240.0777130126953
2018-01-04,241.08961486816406
2018-01-05,242.6962127685547
2018-01-08,243.14010620117188
2018-01-09,243.6903533935547
2018-01-10,243.3175506591797
2018-01-11,245.09280395507812
2018-01-12,246.6905975341797
2018-01-16,245.84730529785156
2018-01-17,248.190673828125
2018-01-18,247.77342224121094
2018-01-19,248.90078735351562
2018-01-22,250.92462158203125
2018-01-23,251.4571533203125
2018-01-24,251.35951232910156
2018-01-25,251.4659423828125
2018-01-26,254.3773956298828
2018-01-29,252.69097900390625
2018-01-30,250.0990753173828
2018-01-31,250.2233428955078
2018-02-01,249.93927001953125
2018-02-02,244.4981231689453
2018-02-05,234.27259826660156
2018-02-06,238.88824462890625
2018-02-07,237.59237670898438
2018-02-08,228.68048095703125
2018-02-09,232.11561584472656
2018-02-12,235.5241241455078
2018-02-13,236.1099395751953
2018-02-14,239.29660034179688
2018-02-15,242.35003662109375
2018-02-16,242.42105102539062
2018-02-20,240.9031982421875
2018-02-21,239.70494079589844
2018-02-22,240.01564025878906
2018-02-23,243.8412628173828
2018-02-26,246.6727752685547
2018-02-27,243.59266662597656
2018-02-28,241.1251678466797
2018-03-01,237.6190185546875
2018-03-02,238.84390258789062
2018-03-05,241.6044158935547
2018-03-06,242.2169189453125
2018-03-07,242.12811279296875
2018-03-08,243.29981994628906
2018-03-09,247.53379821777344
2018-03-12,247.22311401367188
2018-03-13,245.62538146972656
2018-03-14,244.36497497558594
2018-03-15,244.0987091064453
2018-03-16,244.3633270263672
2018-03-19,241.0570526123047
2018-03-20,241.46693420410156
2018-03-21,241.0035858154297
2018-03-22,234.97921752929688
2018-03-23,229.97067260742188
2018-03-26,236.26246643066406
2018-03-27,232.24322509765625
2018-03-28,231.5570068359375
2018-03-29,234.51576232910156
2018-04-02,229.4538116455078
2018-04-03,232.39474487304688
2018-04-04,234.8811492919922
2018-04-05,236.73486328125
2018-04-06,231.45899963378906
2018-04-09,232.59970092773438
2018-04-10,236.2981414794922
2018-04-11,235.05935668945312
2018-04-12,236.99317932128906
2018-04-13,236.2981414794922
2018-04-16,238.24093627929688
2018-04-17,240.78965759277344
2018-04-18,240.96798706054688
2018-04-19,239.63113403320312
2018-04-20,237.59925842285156
2018-04-23,237.56369018554688
2018-04-24,234.3643035888672
2018-04-25,234.94349670410156
2018-04-26,237.33187866210938
2018-04-27,237.5546875
2018-04-30,235.72781372070312
2018-05-01,236.1465606689453
2018-05-02,234.5603485107422
2018-05-03,234.0433807373047
2018-05-04,237.0734405517578
2018-05-07,237.8755340576172
2018-05-08,237.8755340576172
2018-05-09,240.17481994628906
2018-05-10,242.42054748535156
2018-05-11,243.16017150878906
2018-05-14,243.27609252929688
2018-05-15,241.60069274902344
2018-05-16,242.6166534423828
2018-05-17,242.4116973876953
2018-05-18,241.80567932128906
2018-05-21,243.62367248535156
2018-05-22,242.94635009765625
2018-05-23,243.61474609375
2018-05-24,243.11566162109375
2018-05-25,242.5364532470703
2018-05-29,239.7469940185547
2018-05-30,242.94635009765625
2018-05-31,241.45819091796875
2018-06-01,243.82861328125
2018-06-04,244.98716735839844
2018-06-05,245.16543579101562
2018-06-06,247.21514892578125
2018-06-07,247.18846130371094
2018-06-08,247.91921997070312
2018-06-11,248.2489776611328
2018-06-12,248.56976318359375
2018-06-13,247.7766571044922
2018-06-14,248.40036010742188
2018-06-15,248.0835723876953
2018-06-18,247.5732879638672
2018-06-19,246.6243133544922
2018-06-20,247.04510498046875
2018-06-21,245.4964599609375
2018-06-22,245.94403076171875
2018-06-25,242.59605407714844
2018-06-26,243.13320922851562
2018-06-27,241.11892700195312
2018-06-28,242.49758911132812
2018-06-29,242.8466796875
2018-07-02,243.36595153808594
2018-07-03,242.50650024414062
2018-07-05,244.48487854003906
2018-07-06,246.55279541015625
2018-07-09,248.77285766601562
2018-07-10,249.6680145263672
2018-07-11,247.84182739257812
2018-07-12,250.08876037597656
2018-07-13,250.28570556640625
2018-07-16,250.06192016601562
2018-07-17,251.0734405517578
2018-07-18,251.60162353515625
2018-07-19,250.65272521972656
2018-07-20,250.36631774902344
2018-07-23,250.83187866210938
2018-07-24,252.09393310546875
2018-07-25,254.242431640625
2018-07-26,253.64263916015625
2018-07-27,251.9239044189453
2018-07-30,250.6080322265625
2018-07-31,251.84327697753906
2018-08-01,251.42262268066406
2018-08-02,252.7922821044922
2018-08-03,253.87545776367188
2018-08-06,254.80648803710938
2018-08-07,255.6478271484375
2018-08-08,255.5404510498047
2018-08-09,255.19139099121094
2018-08-10,253.4815216064453
2018-08-13,252.5326690673828
2018-08-14,254.14390563964844
2018-08-15,252.24618530273438
2018-08-16,254.2872772216797
2018-08-17,255.18235778808594
2018-08-20,255.72848510742188
2018-08-21,256.32818603515625
2018-08-22,256.1761474609375
2018-08-23,255.83590698242188
2018-08-24,257.3756103515625
2018-08-27,259.4076843261719
2018-08-28,259.5330810546875
2018-08-29,260.92950439453125
2018-08-30,259.8731994628906
2018-08-31,259.88214111328125
2018-09-04,259.4345703125
2018-09-05,258.7362976074219
2018-09-06,257.9574279785156
2018-09-07,257.4561462402344
2018-09-10,257.9038391113281
2018-09-11,258.7541809082031
2018-09-12,258.8169250488281
2018-09-13,260.3475341796875
2018-09-14,260.392333984375
2018-09-17,259.0137939453125
2018-09-18,260.419189453125
2018-09-19,260.6967468261719
2018-09-20,262.80938720703125
2018-09-21,262.5692443847656
2018-09-24,261.69696044921875
2018-09-25,261.4543151855469
2018-09-26,260.6718444824219
2018-09-27,261.4002380371094
2018-09-28,261.4272766113281
2018-10-01,262.33551025390625
2018-10-02,262.1826477050781
2018-10-03,262.3265380859375
2018-10-04,260.27618408203125
2018-10-05,258.8194274902344
2018-10-08,258.8194274902344
2018-10-09,258.4416809082031
2018-10-10,250.2587127685547
2018-10-11,244.74630737304688
2018-10-12,248.14556884765625
2018-10-15,246.7516632080078
2018-10-16,252.1470489501953
2018-10-17,252.1922149658203
2018-10-18,248.55010986328125
2018-10-19,248.415283203125
2018-10-22,247.30015563964844
2018-10-23,246.04127502441406
2018-10-24,238.5865478515625
2018-10-25,242.8668975830078
2018-10-26,238.59555053710938
2018-10-29,237.2736053466797
2018-10-30,240.78968811035156
2018-10-31,243.36158752441406
2018-11-01,245.9512939453125
2018-11-02,244.49452209472656
2018-11-05,245.84349060058594
2018-11-06,247.39910888671875
2018-11-07,252.69566345214844
2018-11-08,252.23707580566406
2018-11-09,249.77308654785156
2018-11-12,245.10604858398438
2018-11-13,244.6474151611328
2018-11-14,242.97482299804688
2018-11-15,245.5106658935547
2018-11-16,246.14918518066406
2018-11-19,241.9856719970703
2018-11-20,237.50747680664062
2018-11-21,238.31675720214844
2018-11-23,236.72512817382812
2018-11-26,240.5469207763672
2018-11-27,241.356201171875
2018-11-28,246.91357421875
2018-11-29,246.3739776611328
2018-11-30,247.875732421875
2018-12-03,251.15786743164062
2018-12-04,243.01976013183594
2018-12-06,242.65113830566406
2018-12-07,237.01284790039062
2018-12-10,237.46246337890625
2018-12-11,237.51641845703125
2018-12-12,238.71237182617188
2018-12-13,238.63153076171875
2018-12-14,234.22520446777344
2018-12-17,229.630126953125
2018-12-18,229.3783416748047
2018-12-19,225.94322204589844
2018-12-20,222.26531982421875
2018-12-21,217.7112274169922
2018-12-24,211.9586181640625
2018-12-26,222.66783142089844
2018-12-27,224.37730407714844
2018-12-28,224.08787536621094
2018-12-31,226.0506591796875
2019-01-02,226.2858123779297
2019-01-03,220.88597106933594
2019-01-04,228.2847137451172
2019-01-07,230.084716796875
2019-01-08,232.24639892578125
2019-01-09,233.331787109375
2019-01-10,234.1549072265625
2019-01-11,234.24533081054688
2019-01-14,232.81622314453125
2019-01-15,235.48448181152344
2019-01-16,236.0543212890625
2019-01-17,237.84518432617188
2019-01-18,241.0108642578125
2019-01-22,237.75474548339844
2019-01-23,238.25222778320312
2019-01-24,238.37884521484375
2019-01-25,240.39588928222656
2019-01-28,238.5687713623047
2019-01-29,238.25222778320312
2019-01-30,242.0239715576172
2019-01-31,244.14947509765625
2019-02-01,244.26708984375
2019-02-04,245.985595703125
2019-02-05,247.01669311523438
2019-02-06,246.69105529785156
2019-02-07,244.33946228027344
2019-02-08,244.63792419433594
2019-02-11,244.77359008789062
2019-02-12,247.92129516601562
2019-02-13,248.72625732421875
2019-02-14,248.17445373535156
2019-02-15,250.87893676757812
2019-02-19,251.3131103515625
2019-02-20,251.81968688964844
2019-02-21,250.92413330078125
2019-02-22,252.47988891601562
2019-02-25,252.82362365722656
2019-02-26,252.64259338378906
2019-02-27,252.5341796875
2019-02-28,252.06387329101562
2019-03-01,253.6376953125
2019-03-04,252.71505737304688
2019-03-05,252.37139892578125
2019-03-06,250.84280395507812
2019-03-07,248.7443389892578
2019-03-08,248.24685668945312
2019-03-11,251.84674072265625
2019-03-12,252.7964630126953
2019-03-13,254.4697723388672
2019-03-14,254.30694580078125
2019-03-15,255.56341552734375
2019-03-18,256.489990234375
2019-03-19,256.5536193847656
2019-03-20,255.7813720703125
2019-03-21,258.6703796386719
2019-03-22,253.69189453125
2019-03-25,253.5011444091797
2019-03-26,255.39077758789062
2019-03-27,254.05528259277344
2019-03-28,255.0182647705078
2019-03-29,256.6263427734375
2019-04-01,259.6696472167969
2019-04-02,259.79693603515625
2019-04-03,260.2057189941406
2019-04-04,260.8961181640625
2019-04-05,262.1588439941406
2019-04-08,262.35870361328125
2019-04-09,261.0141906738281
2019-04-10,261.9046325683594
2019-04-11,261.83184814453125
2019-04-12,263.60333251953125
2019-04-15,263.43072509765625
2019-04-16,263.60333251953125
2019-04-17,262.9584045410156
2019-04-18,263.4761962890625
2019-04-22,263.7033386230469
2019-04-23,266.07440185546875
2019-04-24,265.4839782714844
2019-04-25,265.32037353515625
2019-04-26,266.5559387207031
2019-04-29,266.97381591796875
2019-04-30,267.110107421875
2019-05-01,265.102294921875
2019-05-02,264.53009033203125
2019-05-03,267.1191711425781
2019-05-06,266.0199890136719
2019-05-07,261.5774841308594
2019-05-08,261.21405029296875
2019-05-09,260.4237365722656
2019-05-10,261.73187255859375
2019-05-13,255.15457153320312
2019-05-14,257.462158203125
2019-05-15,258.9701843261719
2019-05-16,261.3685302734375
2019-05-17,259.6788635253906
2019-05-20,257.96185302734375
2019-05-21,260.2874755859375
2019-05-22,259.4880065917969
2019-05-23,256.3173522949219
2019-05-24,256.8988952636719
2019-05-28,254.509521484375
2019-05-29,252.8016357421875
2019-05-30,253.49203491210938
2019-05-31,250.07611083984375
2019-06-03,249.44027709960938
2019-06-04,254.8548126220703
2019-06-05,257.0623474121094
2019-06-06,258.7340393066406
2019-06-07,261.3231506347656
2019-06-10,262.5221862792969
2019-06-11,262.45867919921875
2019-06-12,261.995361328125
2019-06-13,263.0765075683594
2019-06-14,262.78570556640625
2019-06-17,262.88568115234375
2019-06-18,265.638427734375
2019-06-19,266.2379150390625
2019-06-20,268.78167724609375
2019-06-21,268.3909912109375
2019-06-24,268.06231689453125
2019-06-25,265.4332275390625
2019-06-26,265.1684265136719
2019-06-27,266.1087646484375
2019-06-28,267.47808837890625
2019-07-01,269.9063415527344
2019-07-02,270.6093444824219
2019-07-03,272.77288818359375
2019-07-05,272.46246337890625
2019-07-08,270.96533203125
2019-07-09,271.3031005859375
2019-07-10,272.5994873046875
2019-07-11,273.2384338378906
2019-07-12,274.46173095703125
2019-07-15,274.5530700683594
2019-07-16,273.6674499511719
2019-07-17,271.8052673339844
2019-07-18,272.8002624511719
2019-07-19,271.2848815917969
2019-07-22,271.9512939453125
2019-07-23,273.895751953125
2019-07-24,275.18292236328125
2019-07-25,273.8683166503906
2019-07-26,275.70330810546875
2019-07-29,275.2011413574219
2019-07-30,274.5256652832031
2019-07-31,271.5221862792969
2019-08-01,269.15777587890625
2019-08-02,267.1312561035156
2019-08-05,259.0976867675781
2019-08-06,262.7310485839844
2019-08-07,262.8861999511719
2019-08-08,268.0440673828125
2019-08-09,266.2182922363281
2019-08-12,262.9775390625
2019-08-13,267.0672607421875
2019-08-14,259.1707763671875
2019-08-15,259.8553771972656
2019-08-16,263.6895751953125
2019-08-19,266.86639404296875
2019-08-20,264.82159423828125
2019-08-21,266.9761047363281
2019-08-22,266.8938293457031
2019-08-23,260.03802490234375
2019-08-26,262.9135437011719
2019-08-27,261.882080078125
2019-08-28,263.72601318359375
2019-08-29,267.0946960449219
2019-08-30,266.9761047363281
2019-09-03,265.4150390625
2019-09-04,268.42742919921875
2019-09-05,271.8782653808594
2019-09-06,272.0882263183594
2019-09-09,272.2251892089844
2019-09-10,272.1612548828125
2019-09-11,274.0965576171875
2019-09-12,275.0459899902344
2019-09-13,274.8634338378906
2019-09-16,274.0144348144531
2019-09-17,274.7082214355469
2019-09-18,274.87261962890625
2019-09-19,274.854248046875
2019-09-20,273.5556945800781
2019-09-23,273.4913635253906
2019-09-24,271.34539794921875
2019-09-25,272.9502868652344
2019-09-26,272.3817138671875
2019-09-27,270.91436767578125
2019-09-30,272.1707763671875
2019-10-01,268.93341064453125
2019-10-02,264.1828308105469
2019-10-03,266.34716796875
2019-10-04,269.95135498046875
2019-10-07,268.7866516113281
2019-10-08,264.6138000488281
2019-10-09,267.1266174316406
2019-10-10,268.93341064453125
2019-10-11,271.7214050292969
2019-10-14,271.4187927246094
2019-10-15,274.10589599609375
2019-10-16,273.6656188964844
2019-10-17,274.4727783203125
2019-10-18,273.27142333984375
2019-10-21,275.123779296875
2019-10-22,274.2251281738281
2019-10-23,275.02301025390625
2019-10-24,275.4724426269531
2019-10-25,276.6004943847656
2019-10-28,278.1595153808594
2019-10-29,278.0770568847656
2019-10-30,278.9299621582031
2019-10-31,278.1871337890625
2019-11-01,280.76422119140625
2019-11-04,281.8922119140625
2019-11-05,281.58038330078125
2019-11-06,281.6445617675781
2019-11-07,282.635009765625
2019-11-08,283.33209228515625
2019-11-11,282.7908935546875
2019-11-12,283.3869934082031
2019-11-13,283.4788513183594
2019-11-14,283.8914489746094
2019-11-15,285.9458312988281
2019-11-18,286.1567077636719
2019-11-19,286.07421875
2019-11-20,285.0103454589844
2019-11-21,284.5517883300781
2019-11-22,285.1846008300781
2019-11-25,287.3948974609375
2019-11-26,288.0460205078125
2019-11-27,289.3299255371094
2019-11-29,288.2569580078125
2019-12-02,285.8082580566406
2019-12-03,283.8914489746094
2019-12-04,285.6432189941406
2019-12-05,286.1567077636719
2019-12-06,288.7705383300781
2019-12-09,287.862548828125
2019-12-10,287.54150390625
2019-12-11,288.3577575683594
2019-12-12,290.8432312011719
2019-12-13,291.01739501953125
2019-12-16,293.0167236328125
2019-12-17,293.0809020996094
2019-12-18,293.0992126464844
2019-12-19,294.30072021484375
2019-12-20,295.59100341796875
2019-12-23,296.0425720214844
2019-12-24,296.0517883300781
2019-12-26,297.62774658203125
2019-12-27,297.5539855957031
2019-12-30,295.9134216308594
2019-12-31,296.6324157714844
2020-01-02,299.4064636230469
2020-01-03,297.1392822265625
2020-01-06,298.27288818359375
2020-01-07,297.4342041015625
2020-01-08,299.0194396972656
2020-01-09,301.0469665527344
2020-01-10,300.1805725097656
2020-01-13,302.2449951171875
2020-01-14,301.7842712402344
2020-01-15,302.46624755859375
2020-01-16,304.9822692871094
2020-01-17,305.9316101074219
2020-01-21,305.3323974609375
2020-01-22,305.3692626953125
2020-01-23,305.7196044921875
2020-01-24,303.000732421875
2020-01-27,298.1438293457031
2020-01-28,301.2681579589844
2020-01-29,301.019287109375
2020-01-30,301.9962158203125
2020-01-31,296.5125732421875
2020-02-03,298.7151794433594
2020-02-04,303.2680358886719
2020-02-05,306.7701416015625
2020-02-06,307.8023986816406
2020-02-07,306.1618957519531
2020-02-10,308.4474792480469
2020-02-11,308.9820861816406
2020-02-12,310.9727478027344
2020-02-13,310.64105224609375
2020-02-14,311.1387023925781
2020-02-18,310.33685302734375
2020-02-19,311.8205871582031
2020-02-20,310.53961181640625
2020-02-21,307.3415222167969
2020-02-24,297.1484680175781
2020-02-25,288.1441955566406
2020-02-26,287.0844421386719
2020-02-27,274.1909484863281
2020-02-28,273.0389099121094
2020-03-02,284.86328125
2020-03-03,276.7069396972656
2020-03-04,288.3377990722656
2020-03-05,278.7530517578125
2020-03-06,274.14483642578125
2020-03-09,252.73565673828125
2020-03-10,265.81341552734375
2020-03-11,252.85543823242188
2020-03-12,228.66293334960938
2020-03-13,248.21051025390625
2020-03-16,221.0503692626953
2020-03-17,232.9853057861328
2020-03-18,221.18862915039062
2020-03-19,221.6586456298828
2020-03-20,212.10647583007812
2020-03-23,206.68324279785156
2020-03-24,225.40943908691406
2020-03-25,228.78379821777344
2020-03-26,242.1425018310547
2020-03-27,234.93017578125
2020-03-30,242.55966186523438
2020-03-31,238.94418334960938
2020-04-01,228.1905517578125
2020-04-02,233.45614624023438
2020-04-03,230.08169555664062
2020-04-06,245.535400390625
2020-04-07,245.78579711914062
2020-04-08,254.03636169433594
2020-04-09,257.902099609375
2020-04-13,255.5474395751953
2020-04-14,263.0843200683594
2020-04-15,257.4942932128906
2020-04-16,258.7364501953125
2020-04-17,265.72637939453125
2020-04-20,261.0447998046875
2020-04-21,253.1186981201172
2020-04-22,258.7364501953125
2020-04-23,258.7178955078125
2020-04-24,262.3240966796875
2020-04-27,266.1064453125
2020-04-28,264.8826599121094
2020-04-29,271.8170166015625
2020-04-30,269.28619384765625
2020-05-01,262.1573181152344
2020-05-04,262.88043212890625
2020-05-05,265.3092041015625
2020-05-06,263.5106506347656
2020-05-07,266.6904296875
2020-05-08,271.1031494140625
2020-05-11,271.15875244140625
2020-05-12,265.754150390625
2020-05-13,261.0541076660156
2020-05-14,264.17816162109375
2020-05-15,265.39263916015625
2020-05-18,273.4764099121094
2020-05-19,270.66748046875
2020-05-20,275.2655944824219
2020-05-21,273.3651428222656
2020-05-22,273.8842468261719
2020-05-26,277.2585754394531
2020-05-27,281.38409423828125
2020-05-28,280.86492919921875
2020-05-29,282.1164245605469
2020-06-01,283.2566833496094
2020-06-02,285.60205078125
2020-06-03,289.4029235839844
2020-06-04,288.64276123046875
2020-06-05,296.0404968261719
2020-06-08,299.618896484375
2020-06-09,297.3847351074219
2020-06-10,295.7253723144531
2020-06-11,278.6769714355469
2020-06-12,282.01446533203125
2020-06-15,284.647216796875
2020-06-16,290.1259765625
2020-06-17,288.9208679199219
2020-06-18,289.0321350097656
2020-06-19,287.38031005859375
2020-06-22,289.2239074707031
2020-06-23,290.5554504394531
2020-06-24,283.1436767578125
2020-06-25,286.1791076660156
2020-06-26,279.38201904296875
2020-06-29,283.4883117675781
2020-06-30,287.1195373535156
2020-07-01,289.1307067871094
2020-07-02,290.7230224609375
2020-07-06,295.2109375
2020-07-07,292.1661376953125
2020-07-08,294.4009704589844
2020-07-09,292.72491455078125
2020-07-10,295.7138671875
2020-07-13,293.15325927734375
2020-07-14,296.9522399902344
2020-07-15,299.6803283691406
2020-07-16,298.69342041015625
2020-07-17,299.559326171875
2020-07-20,301.9802551269531
2020-07-21,302.62274169921875
2020-07-22,304.3453369140625
2020-07-23,300.7138671875
2020-07-24,298.77716064453125
2020-07-27,300.9560546875
2020-07-28,299.0472412109375
2020-07-29,302.72515869140625
2020-07-30,301.6450500488281
2020-07-31,304.02862548828125
2020-08-03,306.1423645019531
2020-08-04,307.3248596191406
2020-08-05,309.2336120605469
2020-08-06,311.3007507324219
2020-08-07,311.524169921875
2020-08-10,312.4552917480469
2020-08-11,309.8761291503906
2020-08-12,314.1965026855469
2020-08-13,313.6284484863281
2020-08-14,313.63775634765625
2020-08-17,314.6341552734375
2020-08-18,315.31390380859375
2020-08-19,314.00091552734375
2020-08-20,314.9786682128906
2020-08-21,316.095947265625
2020-08-24,319.2989807128906
2020-08-25,320.4163513183594
2020-08-26,323.62872314453125
2020-08-27,324.3363037109375
2020-08-28,326.431396484375
2020-08-31,325.2489318847656
2020-09-01,328.3122253417969
2020-09-02,333.0609130859375
2020-09-03,321.598876953125
2020-09-04,318.97314453125
2020-09-08,310.2578430175781
2020-09-09,316.3846740722656
2020-09-10,310.89105224609375
2020-09-11,311.0492858886719
2020-09-14,315.146240234375
2020-09-15,316.7384948730469
2020-09-16,315.4814453125
2020-09-17,312.7067565917969
2020-09-18,309.1065368652344
2020-09-21,305.6664123535156
2020-09-22,308.7793884277344
2020-09-23,301.6184997558594
2020-09-24,302.4225769042969
2020-09-25,307.3117370605469
2020-09-28,312.4159240722656
2020-09-29,310.7145080566406
2020-09-30,313.0702819824219
2020-10-01,315.080322265625
2020-10-02,312.0887756347656
2020-10-05,317.6231384277344
2020-10-06,313.10772705078125
2020-10-07,318.5578918457031
2020-10-08,321.38116455078125
2020-10-09,324.2511291503906
2020-10-12,329.46759033203125
2020-10-13,327.3173828125
2020-10-14,325.2607727050781
2020-10-15,324.8587341308594
2020-10-16,324.6624450683594
2020-10-19,319.72650146484375
2020-10-20,321.00726318359375
2020-10-21,320.3995361328125
2020-10-22,322.1570739746094
2020-10-23,323.2508850097656
2020-10-26,317.2772216796875
2020-10-27,316.1833801269531
2020-10-28,305.3765869140625
2020-10-29,308.4803161621094
2020-10-30,305.2644348144531
2020-11-02,308.68597412109375
2020-11-03,314.1360778808594
2020-11-04,321.15679931640625
2020-11-05,327.42022705078125
2020-11-06,327.3454284667969
2020-11-09,331.45880126953125
2020-11-10,330.97259521484375
2020-11-11,333.4313659667969
2020-11-12,330.1966857910156
2020-11-13,334.7681579589844
2020-11-16,338.9468994140625
2020-11-17,337.1239318847656
2020-11-18,333.06671142578125
2020-11-19,334.468994140625
2020-11-20,332.1786193847656
2020-11-23,334.16973876953125
2020-11-24,339.5545654296875
2020-11-25,339.0310363769531
2020-11-27,339.97528076171875
2020-11-30,338.4700927734375
2020-12-01,342.1720886230469
2020-12-02,342.8919982910156
2020-12-03,342.7984619140625
2020-12-04,345.7525939941406
2020-12-07,345.0420837402344
2020-12-08,346.0516662597656
2020-12-09,342.9479675292969
2020-12-10,342.83587646484375
2020-12-11,342.4338684082031
2020-12-14,340.900634765625
2020-12-15,345.50946044921875
2020-12-16,346.0516662597656
2020-12-17,347.9868469238281
2020-12-18,346.59735107421875
2020-12-21,345.3581237792969
2020-12-22,344.77606201171875
2020-12-23,345.0859680175781
2020-12-24,346.4284362792969
2020-12-28,349.4045104980469
2020-12-29,348.73785400390625
2020-12-30,349.2354736328125
2020-12-31,351.0098571777344
2021-01-04,346.2312316894531
2021-01-05,348.6158142089844
2021-01-06,350.7000732421875
2021-01-07,355.9105529785156
2021-01-08,357.9384765625
2021-01-11,355.5256042480469
2021-01-12,355.6007080078125
2021-01-13,356.5583801269531
2021-01-14,355.3097839355469
2021-01-15,352.7185363769531
2021-01-19,355.4880676269531
2021-01-20,360.4075622558594
2021-01-21,360.73614501953125
2021-01-22,359.4593505859375
2021-01-25,360.8769226074219
2021-01-26,360.31365966796875
2021-01-27,351.5074462890625
2021-01-28,354.53045654296875
2021-01-29,347.43292236328125
2021-02-01,353.2160949707031
2021-02-02,358.210693359375
2021-02-03,358.4923095703125
2021-02-04,362.56689453125
2021-02-05,363.9939270019531
2021-02-08,366.6226501464844
2021-02-09,366.3785400390625
2021-02-10,366.21893310546875
2021-02-11,366.81036376953125
2021-02-12,368.62237548828125
2021-02-16,368.30316162109375
2021-02-17,368.3876037597656
2021-02-18,366.81976318359375
2021-02-19,366.1719055175781
2021-02-22,363.3554382324219
2021-02-23,363.7967224121094
2021-02-24,367.80548095703125
2021-02-25,358.9429626464844
2021-02-26,357.09344482421875
2021-03-01,365.74945068359375
2021-03-02,362.8955383300781
2021-03-03,358.0886535644531
2021-03-04,353.65740966796875
2021-03-05,360.1634521484375
2021-03-08,358.3702697753906
2021-03-09,363.4869384765625
2021-03-10,365.74945068359375
2021-03-11,369.4578552246094
2021-03-12,369.9555358886719
2021-03-15,372.1617126464844
2021-03-16,371.69232177734375
2021-03-17,372.95977783203125
2021-03-18,367.5333557128906
2021-03-19,366.8533020019531
2021-03-22,369.7825927734375
2021-03-23,366.87213134765625
2021-03-24,365.0070495605469
2021-03-25,367.0604248046875
2021-03-26,372.9756164550781
2021-03-29,372.7873229980469
2021-03-30,371.7982177734375
2021-03-31,373.3052062988281
2021-04-01,377.33660888671875
2021-04-05,382.7525329589844
2021-04-06,382.5265197753906
2021-04-07,382.9692077636719
2021-04-08,384.78704833984375
2021-04-09,387.5845947265625
2021-04-12,387.7258605957031
2021-04-13,388.8749694824219
2021-04-14,387.5469055175781
2021-04-15,391.7101135253906
2021-04-16,393.0194091796875
2021-04-19,391.08843994140625
2021-04-20,388.2251281738281
2021-04-21,391.89849853515625
2021-04-22,388.31927490234375
2021-04-23,392.529541015625
2021-04-26,393.3490295410156
2021-04-27,393.2642822265625
2021-04-28,393.1512145996094
2021-04-29,395.6566467285156
2021-04-30,393.0570373535156
2021-05-03,393.90472412109375
2021-05-04,391.474609375
2021-05-05,391.5970764160156
2021-05-06,394.7241516113281
2021-05-07,397.59698486328125
2021-05-10,393.659912109375
2021-05-11,390.1465759277344
2021-05-12,381.8578186035156
2021-05-13,386.44488525390625
2021-05-14,392.37884521484375
2021-05-17,391.38037109375
2021-05-18,388.0084533691406
2021-05-19,386.9911804199219
2021-05-20,391.15435791015625
2021-05-21,390.8341369628906
2021-05-24,394.81842041015625
2021-05-25,393.9424133300781
2021-05-26,394.7241516113281
2021-05-27,394.9314270019531
2021-05-28,395.63787841796875
2021-06-01,395.28936767578125
2021-06-02,395.9110412597656
2021-06-03,394.441650390625
2021-06-04,398.0491027832031
2021-06-07,397.66290283203125
2021-06-08,397.7477722167969
2021-06-09,397.154296875
2021-06-10,399.0004577636719
2021-06-11,399.65985107421875
2021-06-14,400.55462646484375
2021-06-15,399.81988525390625
2021-06-16,397.5876159667969
2021-06-17,397.4557800292969
2021-06-18,392.0939025878906
2021-06-21,397.7071228027344
2021-06-22,399.8332824707031
2021-06-23,399.351318359375
2021-06-24,401.7137756347656
2021-06-25,403.1407775878906
2021-06-28,403.953369140625
2021-06-29,404.1707458496094
2021-06-30,404.510986328125
2021-07-01,406.7506408691406
2021-07-02,409.8595886230469
2021-07-06,409.1131286621094
2021-07-07,410.5589294433594
2021-07-08,407.2136535644531
2021-07-09,411.5605773925781
2021-07-12,413.0347900390625
2021-07-13,411.62677001953125
2021-07-14,412.2410583496094
2021-07-15,410.8329772949219
2021-07-16,407.6105651855469
2021-07-19,401.5910339355469
2021-07-20,407.345947265625
2021-07-21,410.6439514160156
2021-07-22,411.50390625
2021-07-23,415.73748779296875
2021-07-26,416.758056640625
2021-07-27,414.85858154296875
2021-07-28,414.6885681152344
2021-07-29,416.40838623046875
2021-07-30,414.3861389160156
2021-08-02,413.5166931152344
2021-08-03,416.880859375
2021-08-04,414.8302307128906
2021-08-05,417.4573669433594
2021-08-06,418.1471252441406
2021-08-09,417.8070068359375
2021-08-10,418.3267517089844
2021-08-11,419.3661804199219
2021-08-12,420.623046875
2021-08-13,421.3885192871094
2021-08-16,422.3807373046875
2021-08-17,419.6119384765625
2021-08-18,415.019287109375
2021-08-19,415.66180419921875
2021-08-20,418.9692687988281
2021-08-23,422.6548156738281
2021-08-24,423.32562255859375
2021-08-25,424.2140197753906
2021-08-26,421.70977783203125
2021-08-27,425.4802551269531
2021-08-30,427.3513488769531
2021-08-31,426.71820068359375
2021-09-01,426.94500732421875
2021-09-02,428.2585754394531
2021-09-03,428.1545104980469
2021-09-07,426.62371826171875
2021-09-08,426.1039733886719
2021-09-09,424.28021240234375
2021-09-10,420.93487548828125
2021-09-13,422.0121765136719
2021-09-14,419.7347106933594
2021-09-15,423.2406921386719
2021-09-16,422.56976318359375
2021-09-17,418.4534606933594
2021-09-20,411.4761047363281
2021-09-21,411.08740234375
2021-09-22,415.0974426269531
2021-09-23,420.140869140625
2021-09-24,420.8330078125
2021-09-27,419.62896728515625
2021-09-28,411.17266845703125
2021-09-29,411.8647155761719
2021-09-30,406.8308410644531
2021-10-01,411.6656188964844
2021-10-04,406.35675048828125
2021-10-05,410.5849609375
2021-10-06,412.29132080078125
2021-10-07,415.8558654785156
2021-10-08,415.0974426269531
2021-10-11,412.0923156738281
2021-10-12,411.07794189453125
2021-10-13,412.5567932128906
2021-10-14,419.49627685546875
2021-10-15,422.6910705566406
2021-10-18,423.94244384765625
2021-10-19,427.2131042480469
2021-10-20,428.8910827636719
2021-10-21,430.00970458984375
2021-10-22,429.56414794921875
2021-10-25,431.86785888671875
2021-10-26,432.25653076171875
2021-10-27,430.3415832519531
2021-10-28,434.49383544921875
2021-10-29,435.3755187988281
2021-11-01,436.12445068359375
2021-11-02,437.8877258300781
2021-11-03,440.56109619140625
2021-11-04,442.6372375488281
2021-11-05,444.1730651855469
2021-11-08,444.55224609375
2021-11-09,443.0828552246094
2021-11-10,439.5182800292969
2021-11-11,439.6604919433594
2021-11-12,442.978515625
2021-11-15,443.1302795410156
2021-11-16,444.8840637207031
2021-11-17,443.8033752441406
2021-11-18,445.3106994628906
2021-11-19,444.5143737792969
2021-11-22,443.262939453125
2021-11-23,443.8507995605469
2021-11-24,445.0357360839844
2021-11-26,435.1100158691406
2021-11-29,440.44732666015625
2021-11-30,431.8772888183594
2021-12-01,427.0803527832031
2021-12-02,433.62164306640625
2021-12-03,429.84857177734375
2021-12-06,434.9394226074219
2021-12-07,443.9360046386719
2021-12-08,445.111572265625
2021-12-09,442.1064147949219
2021-12-10,446.2681579589844
2021-12-13,442.31500244140625
2021-12-14,439.2717590332031
2021-12-15,446.13543701171875
2021-12-16,442.2011413574219
2021-12-17,437.4949035644531
2021-12-20,432.84283447265625
2021-12-21,440.5296630859375
2021-12-22,444.93438720703125
2021-12-23,447.7028503417969
2021-12-27,454.038818359375
2021-12-28,453.6677551269531
2021-12-29,454.24810791015625
2021-12-30,452.9923095703125
2021-12-31,451.85064697265625
2022-01-03,454.46685791015625
2022-01-04,454.3147277832031
2022-01-05,445.5908203125
2022-01-06,445.1722717285156
2022-01-07,443.4122314453125
2022-01-10,442.8605041503906
2022-01-11,446.8941955566406
2022-01-12,448.1023864746094
2022-01-13,441.92816162109375
2022-01-14,442.1089172363281
2022-01-18,434.2794189453125
2022-01-19,429.77001953125
2022-01-20,425.01324462890625
2022-01-21,416.6700439453125
2022-01-24,418.439453125
2022-01-25,413.33074951171875
2022-01-26,412.2938232421875
2022-01-27,410.25787353515625
2022-01-28,420.4468078613281
2022-01-31,428.0194396972656
2022-02-01,430.9116516113281
2022-02-02,435.0975036621094
2022-02-03,424.87054443359375
2022-02-04,426.86834716796875
2022-02-07,425.49847412109375
2022-02-08,428.9994201660156
2022-02-09,435.2782897949219
2022-02-10,427.4582214355469
2022-02-11,419.0293273925781
2022-02-14,417.65936279296875
2022-02-15,424.3948669433594
2022-02-16,424.87054443359375
2022-02-17,415.7946472167969
2022-02-18,413.10247802734375
2022-02-22,408.6691589355469
2022-02-23,401.419921875
2022-02-24,407.4609375
2022-02-25,416.4512023925781
2022-02-28,415.38568115234375
2022-03-01,409.0591735839844
2022-03-02,416.5843200683594
2022-03-03,414.5104064941406
2022-03-04,411.1426696777344
2022-03-07,399.0224914550781
2022-03-08,395.99725341796875
2022-03-09,406.6142883300781
2022-03-10,404.7782287597656
2022-03-11,399.6313781738281
2022-03-14,396.71075439453125
2022-03-15,405.4346618652344
2022-03-16,414.4248352050781
2022-03-17,419.609619140625
2022-03-18,424.2055358886719
2022-03-21,424.08148193359375
2022-03-22,429.0437927246094
2022-03-23,423.51849365234375
2022-03-24,429.9027099609375
2022-03-25,432.0021057128906
2022-03-28,435.07501220703125
2022-03-29,440.45721435546875
2022-03-30,437.73748779296875
2022-03-31,431.0001525878906
2022-04-01,432.2216491699219
2022-04-04,435.9242858886719
2022-04-05,430.41802978515625
2022-04-06,426.1141357421875
2022-04-07,428.2612609863281
2022-04-08,427.1161804199219
2022-04-11,419.81573486328125
2022-04-12,418.2602844238281
2022-04-13,423.05078125
2022-04-14,417.7831115722656
2022-04-18,417.95489501953125
2022-04-19,424.7017517089844
2022-04-20,424.3868408203125
2022-04-21,418.0407409667969
2022-04-22,406.570068359375
2022-04-25,408.9272155761719
2022-04-26,397.0843200683594
2022-04-27,398.200927734375
2022-04-28,408.2591857910156
2022-04-29,393.17169189453125
2022-05-02,395.53839111328125
2022-05-03,397.3515319824219
2022-05-04,409.45208740234375
2022-05-05,394.8989562988281
2022-05-06,392.5418395996094
2022-05-09,379.9737243652344
2022-05-10,380.8516540527344
2022-05-11,374.8013610839844
2022-05-12,374.41015625
2022-05-13,383.3614807128906
2022-05-16,381.80596923828125
2022-05-17,389.65985107421875
2022-05-18,373.9520568847656
2022-05-19,371.66180419921875
2022-05-20,371.82403564453125
2022-05-23,378.7808532714844
2022-05-24,375.8892822265625
2022-05-25,379.2102355957031
2022-05-26,386.787353515625
2022-05-27,396.28271484375
2022-05-31,394.0591735839844
2022-06-01,390.871826171875
2022-06-02,398.3153991699219
2022-06-03,391.7784118652344
2022-06-06,392.9712829589844
2022-06-07,396.74072265625
2022-06-08,392.4273376464844
2022-06-09,383.09423828125
2022-06-10,371.98614501953125
2022-06-13,357.862548828125
2022-06-14,356.7842102050781
2022-06-15,361.8706359863281
2022-06-16,349.8941955566406
2022-06-17,350.6484680175781
2022-06-21,359.4754943847656
2022-06-22,358.8238220214844
2022-06-23,362.3411560058594
2022-06-24,373.86138916015625
2022-06-27,372.4333801269531
2022-06-28,364.823486328125
2022-06-29,364.5264587402344
2022-06-30,361.56494140625
2022-07-01,365.3890075683594
2022-07-05,366.0790710449219
2022-07-06,367.3154602050781
2022-07-07,372.8167724609375
2022-07-08,372.5101013183594
2022-07-11,368.2547607421875
2022-07-12,364.9960021972656
2022-07-13,363.07916259765625
2022-07-14,362.19744873046875
2022-07-15,369.1172790527344
2022-07-18,366.0694885253906
2022-07-19,375.96038818359375
2022-07-20,378.3564147949219
2022-07-21,382.2093200683594
2022-07-22,378.66314697265625
2022-07-25,379.12322998046875
2022-07-26,374.63775634765625
2022-07-27,384.36578369140625
2022-07-28,389.1866149902344
2022-07-29,394.8604736328125
2022-08-01,393.6911926269531
2022-08-02,391.0939025878906
2022-08-03,397.21820068359375
2022-08-04,396.9498291015625
2022-08-05,396.2789611816406
2022-08-08,395.8188781738281
2022-08-09,394.2471008300781
2022-08-10,402.5278625488281
2022-08-11,402.5278625488281
2022-08-12,409.3422546386719
2022-08-15,411.029052734375
2022-08-16,411.8341064453125
2022-08-17,408.910888671875
2022-08-18,410.0994567871094
2022-08-19,404.5885009765625
2022-08-22,396.1639099121094
2022-08-23,395.20556640625
2022-08-24,396.47064208984375
2022-08-25,402.06781005859375
2022-08-26,388.4581604003906
2022-08-29,385.8896484375
2022-08-30,381.6534423828125
2022-08-31,378.7493896484375
2022-09-01,379.9378662109375
2022-09-02,375.9316101074219
2022-09-06,374.5131530761719
2022-09-07,381.24127197265625
2022-09-08,383.7332458496094
2022-09-09,389.6946716308594
2022-09-12,393.8829040527344
2022-09-13,376.75592041015625
2022-09-14,378.1935119628906
2022-09-15,373.89971923828125
2022-09-16,371.04736328125
2022-09-19,373.9247741699219
2022-09-20,369.6326599121094
2022-09-21,363.18487548828125
2022-09-22,360.1341552734375
2022-09-23,354.1002502441406
2022-09-26,350.5971984863281
2022-09-27,349.70220947265625
2022-09-28,356.5830383300781
2022-09-29,349.13446044921875
2022-09-30,343.735595703125
2022-10-03,352.81060791015625
2022-10-04,363.7430419921875
2022-10-05,362.8962097167969
2022-10-06,359.152587890625
2022-10-07,349.13446044921875
2022-10-10,346.46868896484375
2022-10-11,344.2745056152344
2022-10-12,343.138916015625
2022-10-13,352.1946716308594
2022-10-14,344.168701171875
2022-10-17,353.0126953125
2022-10-18,357.1604919433594
2022-10-19,354.6295471191406
2022-10-20,351.65582275390625
2022-10-21,360.2015686035156
2022-10-24,364.60919189453125
2022-10-25,370.4315185546875
2022-10-26,367.64056396484375
2022-10-27,365.6773681640625
2022-10-28,374.3770751953125
2022-10-31,371.6728515625
2022-11-01,370.04644775390625
2022-11-02,360.75970458984375
2022-11-03,357.0450744628906
2022-11-04,362.18402099609375
2022-11-07,365.6484680175781
2022-11-08,367.6213684082031
2022-11-09,360.047607421875
2022-11-10,379.83367919921875
2022-11-11,383.5098571777344
2022-11-14,380.24749755859375
2022-11-15,383.49066162109375
2022-11-16,380.5650634765625
2022-11-17,379.4006652832031
2022-11-18,381.123291015625
2022-11-21,379.7374572753906
2022-11-22,384.8475646972656
2022-11-23,387.272705078125
2022-11-25,387.1861267089844
2022-11-28,381.0077819824219
2022-11-29,380.3534240722656
2022-11-30,392.3347473144531
2022-12-01,392.04608154296875
2022-12-02,391.5937805175781
2022-12-05,384.54925537109375
2022-12-06,379.0060119628906
2022-12-07,378.3612976074219
2022-12-08,381.3253479003906
2022-12-09,378.4767150878906
2022-12-12,383.9333190917969
2022-12-13,386.8396911621094
2022-12-14,384.3664245605469
2022-12-15,374.96417236328125
2022-12-16,370.53729248046875
2022-12-19,367.395263671875
2022-12-20,367.89801025390625
2022-12-21,373.39898681640625
2022-12-22,368.0719909667969
2022-12-23,370.1892395019531
2022-12-27,368.7294006347656
2022-12-28,364.1468811035156
2022-12-29,370.7016296386719
2022-12-30,369.72515869140625
2023-01-03,368.1686706542969
2023-01-04,371.0110168457031
2023-01-05,366.7765197753906
2023-01-06,375.18743896484375
2023-01-09,374.97479248046875
2023-01-10,377.6044006347656
2023-01-11,382.38031005859375
2023-01-12,383.7724304199219
2023-01-13,385.2613220214844
2023-01-17,384.55560302734375
2023-01-18,378.4842224121094
2023-01-19,375.7289123535156
2023-01-20,382.7284240722656
2023-01-23,387.320556640625
2023-01-24,386.90484619140625
2023-01-25,387.0498352050781
2023-01-26,391.3037414550781
2023-01-27,392.20281982421875
2023-01-30,387.2818603515625
2023-01-31,392.9762268066406
2023-02-01,397.1526794433594
2023-02-02,402.93402099609375
2023-02-03,398.6512451171875
2023-02-06,396.2148742675781
2023-02-07,401.3968200683594
2023-02-08,397.0076904296875
2023-02-09,393.56597900390625
2023-02-10,394.48443603515625
2023-02-13,399.115234375
2023-02-14,398.93157958984375
2023-02-15,400.2270202636719
2023-02-16,394.7164306640625
2023-02-17,393.73028564453125
2023-02-21,385.83172607421875
2023-02-22,385.3000183105469
2023-02-23,387.3495178222656
2023-02-24,383.2117614746094
2023-02-27,384.516845703125
2023-02-28,383.09576416015625
2023-03-01,381.6261901855469
2023-03-02,384.5942687988281
2023-03-03,390.76226806640625
2023-03-06,391.0329895019531
2023-03-07,385.0389709472656
2023-03-08,385.6673889160156
2023-03-09,378.5518798828125
2023-03-10,373.0895690917969
2023-03-13,372.557861328125
2023-03-14,378.7162170410156
2023-03-15,376.3476257324219
2023-03-16,382.95074462890625
2023-03-17,378.4729919433594
2023-03-20,382.1123046875
2023-03-21,387.1295166015625
2023-03-22,380.5303649902344
2023-03-23,381.5590515136719
2023-03-24,384.0628662109375
2023-03-27,384.7810363769531
2023-03-28,383.9172668457031
2023-03-29,389.49749755859375
2023-03-30,391.77813720703125
2023-03-31,397.3000793457031
2023-04-03,398.81402587890625
2023-04-04,396.60137939453125
2023-04-05,395.5629577636719
2023-04-06,397.1059875488281
2023-04-10,397.5135498046875
2023-04-11,397.62030029296875
2023-04-12,395.9996032714844
2023-04-13,401.25958251953125
2023-04-14,400.2794189453125
2023-04-17,401.7156982421875
2023-04-18,401.9777526855469
2023-04-19,401.9098205566406
2023-04-20,399.7165832519531
2023-04-21,400.0271301269531
2023-04-24,400.4443664550781
2023-04-25,394.0877990722656
2023-04-26,392.4185791015625
2023-04-27,400.2309265136719
2023-04-28,403.6469421386719
2023-05-01,403.2393798828125
2023-05-02,398.7072448730469
2023-05-03,395.97052001953125
2023-05-04,393.1658630371094
2023-05-05,400.4443664550781
2023-05-08,400.5511169433594
2023-05-09,398.7945251464844
2023-05-10,400.6579284667969
2023-05-11,399.9591064453125
2023-05-12,399.43511962890625
2023-05-15,400.8132019042969
2023-05-16,398.1346740722656
2023-05-17,402.9676513671875
2023-05-18,406.8495178222656
2023-05-19,406.2574768066406
2023-05-22,406.4224548339844
2023-05-23,401.86126708984375
2023-05-24,398.9498596191406
2023-05-25,402.4046936035156
2023-05-26,407.6161804199219
2023-05-30,407.77142333984375
2023-05-31,405.51031494140625
2023-06-01,409.3630065917969
2023-06-02,415.2828674316406
2023-06-05,414.487060546875
2023-06-06,415.38958740234375
2023-06-07,413.95330810546875
2023-06-08,416.4571533203125
2023-06-09,417.2043762207031
2023-06-12,420.98919677734375
2023-06-13,423.7647705078125
2023-06-14,424.26934814453125
2023-06-15,429.5293273925781
2023-06-16,428.0662536621094
2023-06-20,425.8453674316406
2023-06-21,423.6634216308594
2023-06-22,425.19281005859375
2023-06-23,421.9783020019531
2023-06-26,420.2541809082031
2023-06-27,424.861572265625
2023-06-28,425.07586669921875
2023-06-29,426.75128173828125
2023-06-30,431.7872314453125
2023-07-03,432.2839660644531
2023-07-05,431.64111328125
2023-07-06,428.2610778808594
2023-07-07,427.1798400878906
2023-07-10,428.2610778808594
2023-07-11,430.988525390625
2023-07-12,434.4561767578125
2023-07-13,437.9043884277344
2023-07-14,437.63165283203125
2023-07-17,439.1512145996094
2023-07-18,442.41436767578125
2023-07-19,443.398193359375
2023-07-20,440.4564208984375
2023-07-21,440.4564208984375
2023-07-24,442.42413330078125
2023-07-25,443.6319885253906
2023-07-26,443.7001647949219
2023-07-27,440.7584228515625
2023-07-28,445.07354736328125
2023-07-31,445.9210205078125
2023-08-01,444.64501953125
2023-08-02,438.4596862792969
2023-08-03,437.20306396484375
2023-08-04,435.2256774902344
2023-08-07,439.0246276855469
2023-08-08,437.1153869628906
2023-08-09,434.19317626953125
2023-08-10,434.34906005859375
2023-08-11,434.09576416015625
2023-08-14,436.49200439453125
2023-08-15,431.4073486328125
2023-08-16,428.2416687011719
2023-08-17,424.9784851074219
2023-08-18,425.18304443359375
2023-08-21,427.9493713378906
2023-08-22,426.79022216796875
2023-08-23,431.543701171875
2023-08-24,425.56292724609375
2023-08-25,428.56304931640625
2023-08-28,431.2807312011719
2023-08-29,437.5147399902344
2023-08-30,439.31683349609375
2023-08-31,438.6739196777344
2023-09-01,439.4921569824219
2023-09-05,437.59271240234375
2023-09-06,434.6510314941406
2023-09-07,433.3165283203125
2023-09-08,433.9691467285156
2023-09-11,436.8232116699219
2023-09-12,434.42694091796875
2023-09-13,434.9334716796875
2023-09-14,438.6836242675781
2023-09-15,433.39825439453125
2023-09-18,433.65240478515625
2023-09-19,432.7531433105469
2023-09-20,428.7746276855469
2023-09-21,421.6877136230469
2023-09-22,420.7394714355469
2023-09-25,422.5088195800781
2023-09-26,416.30157470703125
2023-09-27,416.4677429199219
2023-09-28,418.8822326660156
2023-09-29,417.86566162109375
2023-10-02,417.6994934082031
2023-10-03,412.1081237792969
2023-10-04,415.10906982421875
2023-10-05,414.95269775390625
2023-10-06,419.87933349609375
2023-10-09,422.56744384765625
2023-10-10,424.766845703125
2023-10-11,426.5068054199219
2023-10-12,423.90667724609375
2023-10-13,421.7951965332031
2023-10-16,426.23309326171875
2023-10-17,426.2135314941406
2023-10-18,420.53424072265625
2023-10-19,416.8392639160156
2023-10-20,411.71710205078125
2023-10-23,411.0035095214844
2023-10-24,414.1022033691406
2023-10-25,408.1589660644531
2023-10-26,403.27142333984375
2023-10-27,401.4435119628906
2023-10-30,406.24310302734375
2023-10-31,408.79437255859375
2023-11-01,413.154052734375
2023-11-02,421.0718688964844
2023-11-03,424.9134826660156
2023-11-06,425.8909912109375
2023-11-07,427.10308837890625
2023-11-08,427.4159240722656
2023-11-09,424.08258056640625
2023-11-10,430.7003173828125
2023-11-13,430.2897644042969
2023-11-14,438.63775634765625
2023-11-15,439.5663757324219
2023-11-16,440.1039733886719
2023-11-17,440.6513977050781
2023-11-20,444.0433654785156
2023-11-21,443.0755920410156
2023-11-22,444.7862548828125
2023-11-24,445.0599670410156
2023-11-27,444.2584228515625
2023-11-28,444.6982421875
2023-11-29,444.3854675292969
2023-11-30,446.13519287109375
2023-12-01,448.7745361328125
2023-12-04,446.4186706542969
2023-12-05,446.3306884765625
2023-12-06,444.5321044921875
2023-12-07,447.924072265625
2023-12-08,449.8497619628906
2023-12-11,451.5994873046875
2023-12-12,453.6620178222656
2023-12-13,459.9181213378906
2023-12-14,461.3941345214844
2023-12-15,460.6344299316406
2023-12-18,463.2255554199219
2023-12-19,466.0423889160156
2023-12-20,459.5843200683594
2023-12-21,463.9420471191406
2023-12-22,464.8744201660156
2023-12-26,466.83734130859375
2023-12-27,467.6814270019531
2023-12-28,467.85809326171875
2023-12-29,466.503662109375
2024-01-02,463.8929443359375
2024-01-03,460.1044921875
2024-01-04,458.6224365234375
2024-01-05,459.2505798339844
2024-01-08,465.80682373046875
2024-01-09,465.1001281738281
2024-01-10,467.73046875
2024-01-11,467.5244140625
2024-01-12,467.8482666015625
2024-01-16,466.1307067871094
2024-01-17,463.53961181640625
2024-01-18,467.6617736816406
2024-01-19,473.4917297363281
2024-01-22,474.4928283691406
2024-01-23,475.876708984375
2024-01-24,476.3969421386719
2024-01-25,478.9880065917969
2024-01-26,478.3794860839844
2024-01-29,482.1679992675781
2024-01-30,481.7950439453125
2024-01-31,473.93341064453125
2024-02-01,480.13629150390625
2024-02-02,485.19091796875
2024-02-05,483.42425537109375
2024-02-06,484.8277587890625
2024-02-07,488.8714294433594
2024-02-08,489.08734130859375
2024-02-09,491.91400146484375
2024-02-12,491.69805908203125
2024-02-13,484.9259033203125
2024-02-14,489.33270263671875
2024-02-15,492.708984375
2024-02-16,490.2553405761719
2024-02-20,487.5562438964844
2024-02-21,487.9978942871094
2024-02-22,498.0972900390625
2024-02-23,498.4407958984375
2024-02-26,496.615234375
2024-02-27,497.53778076171875
2024-02-28,496.8802490234375
2024-02-29,498.66650390625
2024-03-01,503.34814453125
2024-03-04,502.8083190917969
2024-03-05,497.7831726074219
2024-03-06,500.3055725097656
2024-03-07,505.2718200683594
2024-03-08,502.2390441894531
2024-03-11,501.8072204589844
2024-03-12,507.20538330078125
2024-03-13,506.4102783203125
2024-03-14,505.4092102050781
2024-03-15,501.9388122558594
2024-03-18,504.921875
2024-03-19,507.72784423828125
2024-03-20,512.4239501953125
2024-03-21,514.1173095703125
2024-03-22,513.1426391601562
2024-03-25,511.72491455078125
2024-03-26,510.77978515625
2024-03-27,515.0723266601562
2024-03-28,514.9739379882812
2024-04-01,514.077880859375
2024-04-02,510.8094177246094
2024-04-03,511.3705139160156
2024-04-04,505.128662109375
2024-04-05,510.4056701660156
2024-04-08,510.6911315917969
2024-04-09,511.2818908691406
2024-04-10,506.1623840332031
2024-04-11,509.98236083984375
2024-04-12,502.9430236816406
2024-04-15,496.6421203613281
2024-04-16,495.7362976074219
2024-04-17,492.80242919921875
2024-04-18,491.7884216308594
2024-04-19,487.49591064453125
2024-04-22,491.9853210449219
2024-04-23,497.8235168457031
2024-04-24,497.58721923828125
2024-04-25,495.6969299316406
2024-04-26,500.39312744140625
2024-04-29,502.165283203125
2024-04-30,494.2102966308594
2024-05-01,492.6055603027344
2024-05-02,497.21307373046875
2024-05-03,503.376220703125
2024-05-06,508.5744934082031
2024-05-07,509.13568115234375
2024-05-08,509.1848449707031
2024-05-09,512.1187133789062
2024-05-10,512.7784423828125
2024-05-13,512.8472900390625
2024-05-14,515.2003173828125
2024-05-15,521.5800170898438
2024-05-16,520.5068969726562
2024-05-17,521.255126953125
2024-05-20,521.8557739257812
2024-05-21,523.1355590820312
2024-05-22,521.6293334960938
2024-05-23,517.8191528320312
2024-05-24,521.2453002929688
2024-05-28,521.6095581054688
2024-05-29,517.9569702148438
2024-05-30,514.52099609375
2024-05-31,519.2073364257812
2024-06-03,519.630615234375
2024-06-04,520.2115478515625
2024-06-05,526.3943481445312
2024-06-06,526.3844604492188
2024-06-07,525.7445068359375
2024-06-10,527.3689575195312
2024-06-11,528.6390380859375
2024-06-12,532.9807739257812
2024-06-13,534.053955078125
2024-06-14,534.3788452148438
2024-06-17,538.6318969726562
2024-06-18,540.00048828125
2024-06-20,538.5335083007812
2024-06-21,537.8115234375
2024-06-24,536.063232421875
2024-06-25,538.1275024414062
2024-06-26,538.7991943359375
2024-06-27,539.6486206054688
2024-06-28,537.5250854492188
2024-07-01,538.6312866210938
2024-07-02,542.2561645507812
2024-07-03,544.6759643554688
2024-07-05,547.8168334960938
2024-07-08,548.448974609375
2024-07-09,548.982421875
2024-07-10,554.4147338867188
2024-07-11,549.6342163085938
2024-07-12,553.1010131835938
2024-07-15,554.6220703125
2024-07-16,557.9110717773438
2024-07-17,550.088623046875
2024-07-18,545.8612060546875
2024-07-19,542.2363891601562
2024-07-22,547.8268432617188
2024-07-23,546.9674072265625
2024-07-24,534.5718383789062
2024-07-25,531.7865600585938
2024-07-26,537.7423706054688
2024-07-29,538.0584716796875
2024-07-30,535.3323974609375
2024-07-31,544.0339965820312
2024-08-01,536.3298950195312
2024-08-02,526.3443603515625
2024-08-05,511.0152282714844
2024-08-06,515.7266235351562
2024-08-07,512.2794189453125
2024-08-08,524.1220092773438
2024-08-09,526.4331665039062
2024-08-12,526.7097778320312
2024-08-13,535.3718872070312
2024-08-14,537.0608520507812
2024-08-15,546.2661743164062
2024-08-16,547.4909057617188
2024-08-19,552.7257080078125
2024-08-20,551.8269653320312
2024-08-21,553.7232666015625
2024-08-22,549.37744140625
2024-08-23,555.2147216796875
2024-08-26,553.8911743164062
2024-08-27,554.6517333984375
2024-08-28,551.431884765625
2024-08-29,551.481201171875
2024-08-30,556.7456665039062
2024-09-03,545.2883911132812
2024-09-04,544.1723022460938
2024-09-05,542.8488159179688
2024-09-06,533.7124633789062
2024-09-09,539.6880493164062
2024-09-10,542.0388793945312
2024-09-11,547.5995483398438
2024-09-12,552.212158203125
2024-09-13,555.09619140625
2024-09-16,555.916015625
2024-09-17,556.1431884765625
2024-09-18,554.4937744140625
2024-09-19,563.955810546875
2024-09-20,562.9810180664062
2024-09-23,564.3877563476562
2024-09-24,566.0026245117188
2024-09-25,564.75439453125
2024-09-26,566.993408203125
2024-09-27,566.1710815429688
2024-09-30,568.4398803710938
2024-10-01,563.3475341796875
2024-10-02,563.5853271484375
2024-10-03,562.5549926757812
2024-10-04,567.6671142578125
2024-10-07,562.53515625
2024-10-08,567.8554077148438
2024-10-09,571.78857421875
2024-10-10,570.7879028320312
2024-10-11,574.2059326171875
2024-10-14,578.9019775390625
2024-10-15,574.404052734375
2024-10-16,576.9006958007812
2024-10-17,576.9501953125
2024-10-18,579.1694946289062
2024-10-21,578.2183837890625
2024-10-22,577.9112548828125
2024-10-23,572.6306762695312
2024-10-24,573.8690185546875
2024-10-25,573.6708984375
2024-10-28,575.4443969726562
2024-10-29,576.3756103515625
2024-10-30,574.6319580078125
2024-10-31,563.367431640625
2024-11-01,565.7451171875
2024-11-04,564.5264892578125
2024-11-05,571.3526611328125
2024-11-06,585.5596923828125
2024-11-07,590.0872802734375
2024-11-08,592.6433715820312
2024-11-11,593.2080688476562
2024-11-12,591.3654174804688
2024-11-13,591.6526489257812
2024-11-14,587.8482055664062
2024-11-15,580.3187255859375
2024-11-18,582.6964721679688
2024-11-19,584.8264770507812
2024-11-20,585.024658203125
2024-11-21,588.165283203125
2024-11-22,589.9882202148438
2024-11-25,591.9895629882812
2024-11-26,595.08056640625
2024-11-27,593.2774047851562
2024-11-29,596.9629516601562
2024-12-02,598.032958984375
2024-12-03,598.3102416992188
2024-12-04,602.0255126953125
2024-12-05,601.0347900390625
2024-12-06,602.1741333007812
2024-12-09,599.0731201171875
2024-12-10,597.2106323242188
2024-12-11,601.827392578125
2024-12-12,598.7264404296875
2024-12-13,598.6076049804688
2024-12-16,601.16357421875
2024-12-17,598.686767578125
2024-12-18,580.8438110351562
2024-12-19,580.6654052734375
2024-12-20,587.6398315429688
2024-12-23,591.1588134765625
2024-12-24,597.7295532226562
2024-12-26,597.7693481445312
2024-12-27,591.4768676757812
2024-12-30,584.7271728515625
2024-12-31,582.5999145507812
2025-01-02,581.1685180664062
2025-01-03,588.43505859375
2025-01-06,591.8248291015625
2025-01-07,585.1348266601562
2025-01-08,585.9896240234375
2025-01-10,577.0430297851562
2025-01-13,577.937744140625
2025-01-14,578.7330322265625
2025-01-15,589.2601928710938
2025-01-16,588.126953125
2025-01-17,594.0316772460938
2025-01-21,599.4691162109375
2025-01-22,602.8389892578125
2025-01-23,606.12939453125
2025-01-24,604.35986328125
2025-01-27,595.8109741210938
2025-01-28,600.930419921875
2025-01-29,598.2365112304688
2025-01-30,601.447265625
2025-01-31,598.2463989257812
2025-02-03,594.220458984375
2025-02-04,598.2066650390625
2025-02-05,600.6321411132812
2025-02-06,602.7197265625
2025-02-07,597.2026977539062
2025-02-10,601.2584228515625
2025-02-11,601.7156982421875
2025-02-12,599.7772827148438
2025-02-13,606.1094970703125
2025-02-14,606.0796508789062
2025-02-18,607.8590087890625
2025-02-19,609.2904663085938
2025-02-20,606.755615234375
2025-02-21,596.3776245117188
2025-02-24,593.663818359375
2025-02-25,590.71142578125
2025-02-26,591.0096435546875
2025-02-27,581.5759887695312
2025-02-28,590.6517944335938
2025-03-03,580.3036499023438
2025-03-04,573.4346313476562
2025-03-05,579.5978393554688
2025-03-06,569.309326171875
2025-03-07,572.500244140625
2025-03-10,557.2513427734375
2025-03-11,552.6189575195312
2025-03-12,555.5514526367188
2025-03-13,548.1456909179688
2025-03-14,559.4680786132812
2025-03-17,563.7823486328125
2025-03-18,557.688720703125
2025-03-19,563.762451171875
2025-03-20,562.1322021484375
2025-03-21,562.317626953125
2025-03-24,572.3878784179688
2025-03-25,573.7637939453125
2025-03-26,566.9140625
2025-03-27,565.4085083007812
2025-03-28,554.0221557617188
2025-03-31,557.7411499023438
2025-04-01,559.3164672851562
2025-04-02,562.8560791015625
2025-04-03,535.1180419921875
2025-04-04,503.7906494140625
2025-04-07,502.893310546875
2025-04-08,495.0166015625
2025-04-09,547.0029296875
2025-04-10,523.0337524414062
2025-04-11,532.3661499023438
2025-04-14,537.5308837890625
2025-04-15,536.0253295898438
2025-04-16,524.1105346679688
2025-04-17,524.8583374023438
2025-04-21,512.3652954101562
2025-04-22,525.6959228515625
2025-04-23,533.841796875
2025-04-24,545.07861328125
2025-04-25,549.0169677734375
2025-04-28,549.226318359375
2025-04-29,552.6860961914062
2025-04-30,552.9054565429688
2025-05-01,556.8238525390625
2025-05-02,565.0894165039062
2025-05-05,561.8489990234375
2025-05-06,557.1528930664062
2025-05-07,559.4959716796875
2025-05-08,563.3944702148438
2025-05-09,562.6765747070312
2025-05-12,581.2716064453125
2025-05-13,585.1102905273438
2025-05-14,585.8580932617188
2025-05-15,588.7196044921875
2025-05-16,592.4485473632812
2025-05-19,593.0966186523438
2025-05-20,591.1025390625
2025-05-21,581.1419677734375
2025-05-22,581.371337890625
2025-05-23,577.4030151367188
2025-05-27,589.4075927734375
2025-05-28,585.9976196289062
2025-05-29,588.310791015625
2025-05-30,587.6527709960938
2025-06-02,590.9629516601562
2025-06-03,594.3330078125
2025-06-04,594.1734619140625
2025-06-05,591.3019409179688
2025-06-06,597.3740234375
2025-06-09,597.9124145507812
2025-06-10,601.3023681640625
2025-06-11,599.5874633789062
2025-06-12,601.9703979492188
2025-06-13,595.2402954101562
2025-06-16,600.903564453125
2025-06-17,595.768798828125
2025-06-18,595.6790161132812
2025-06-20,594.280029296875
2025-06-23,600.1500244140625
2025-06-24,606.780029296875
2025-06-25,607.1199951171875
2025-06-26,611.8699951171875
2025-06-27,614.9099731445312
2025-06-30,617.8499755859375
2025-07-01,617.6500244140625
2025-07-02,620.4500122070312
2025-07-03,625.3400268554688
2025-07-07,620.6799926757812
2025-07-08,620.3400268554688
2025-07-09,624.0599975585938
2025-07-10,625.8200073242188
2025-07-11,623.6199951171875
2025-07-14,624.8099975585938
2025-07-15,622.1400146484375
2025-07-16,624.219970703125
2025-07-17,628.0399780273438
2025-07-18,627.5800170898438
2025-07-21,628.77001953125
2025-07-22,628.8599853515625
2025-07-23,634.2100219726562
2025-07-24,634.4199829101562
2025-07-25,637.0999755859375
2025-07-28,636.9400024414062
2025-07-29,635.260009765625
2025-07-30,634.4600219726562
2025-07-31,632.0800170898438
2025-08-01,621.719970703125
2025-08-04,631.1699829101562
2025-08-05,627.969970703125
2025-08-06,632.780029296875
2025-08-07,632.25
2025-08-08,637.1799926757812
2025-08-11,635.9199829101562
2025-08-12,642.6900024414062
2025-08-13,644.8900146484375
2025-08-14,644.9500122070312
2025-08-15,643.4400024414062
2025-08-18,643.2999877929688
2025-08-19,639.8099975585938
2025-08-20,638.1099853515625
2025-08-21,635.5499877929688
2025-08-22,645.3099975585938
2025-08-25,642.469970703125
2025-08-26,645.1599731445312
2025-08-27,646.6300048828125
2025-08-28,648.9199829101562
2025-08-29,645.0499877929688
